,md5,library_name
0,a4df7135ac466d60535b54150218813dc84d438e5db032a9edfd160463c4f366,SHELL32.dll
1,a4df7135ac466d60535b54150218813dc84d438e5db032a9edfd160463c4f366,RPCRT4.dll
2,a4df7135ac466d60535b54150218813dc84d438e5db032a9edfd160463c4f366,ole32.dll
3,a4df7135ac466d60535b54150218813dc84d438e5db032a9edfd160463c4f366,USER32.dll
4,a4df7135ac466d60535b54150218813dc84d438e5db032a9edfd160463c4f366,ADVAPI32.dll
5,a4df7135ac466d60535b54150218813dc84d438e5db032a9edfd160463c4f366,GDI32.dll
6,a4df7135ac466d60535b54150218813dc84d438e5db032a9edfd160463c4f366,OLEAUT32.dll
7,a4df7135ac466d60535b54150218813dc84d438e5db032a9edfd160463c4f366,KERNEL32.dll
0,edc8c92cd0e921b86393b5dafdf40db606c1829205636e8e720ed9c4054abf54,advapi32.dll
1,edc8c92cd0e921b86393b5dafdf40db606c1829205636e8e720ed9c4054abf54,comctl32.dll
2,edc8c92cd0e921b86393b5dafdf40db606c1829205636e8e720ed9c4054abf54,oleaut32.dll
3,edc8c92cd0e921b86393b5dafdf40db606c1829205636e8e720ed9c4054abf54,kernel32.dll
4,edc8c92cd0e921b86393b5dafdf40db606c1829205636e8e720ed9c4054abf54,user32.dll
0,29f5c1aa14e2296e87033dd90d231148b5860e800189af5c73e250c00405ec3e,advapi32.dll
1,29f5c1aa14e2296e87033dd90d231148b5860e800189af5c73e250c00405ec3e,comctl32.dll
2,29f5c1aa14e2296e87033dd90d231148b5860e800189af5c73e250c00405ec3e,oleaut32.dll
3,29f5c1aa14e2296e87033dd90d231148b5860e800189af5c73e250c00405ec3e,kernel32.dll
4,29f5c1aa14e2296e87033dd90d231148b5860e800189af5c73e250c00405ec3e,user32.dll
0,e680301ef8cbba2694f9826dd6cb4b7363e41040f2bd0af6014369f76751b32b,SHELL32.dll
1,e680301ef8cbba2694f9826dd6cb4b7363e41040f2bd0af6014369f76751b32b,ole32.dll
2,e680301ef8cbba2694f9826dd6cb4b7363e41040f2bd0af6014369f76751b32b,USER32.dll
3,e680301ef8cbba2694f9826dd6cb4b7363e41040f2bd0af6014369f76751b32b,ADVAPI32.dll
4,e680301ef8cbba2694f9826dd6cb4b7363e41040f2bd0af6014369f76751b32b,GDI32.dll
5,e680301ef8cbba2694f9826dd6cb4b7363e41040f2bd0af6014369f76751b32b,KERNEL32.dll
6,e680301ef8cbba2694f9826dd6cb4b7363e41040f2bd0af6014369f76751b32b,COMCTL32.dll
0,e8318c8020902c617c408e7d8d058831c1a5a02df7197d4756b66d3a21f25e48,SHELL32.dll
1,e8318c8020902c617c408e7d8d058831c1a5a02df7197d4756b66d3a21f25e48,MSVCRT.dll
2,e8318c8020902c617c408e7d8d058831c1a5a02df7197d4756b66d3a21f25e48,ole32.dll
3,e8318c8020902c617c408e7d8d058831c1a5a02df7197d4756b66d3a21f25e48,USER32.dll
4,e8318c8020902c617c408e7d8d058831c1a5a02df7197d4756b66d3a21f25e48,GDI32.dll
5,e8318c8020902c617c408e7d8d058831c1a5a02df7197d4756b66d3a21f25e48,OLEAUT32.dll
6,e8318c8020902c617c408e7d8d058831c1a5a02df7197d4756b66d3a21f25e48,ADVAPI32.dll
7,e8318c8020902c617c408e7d8d058831c1a5a02df7197d4756b66d3a21f25e48,KERNEL32.dll
8,e8318c8020902c617c408e7d8d058831c1a5a02df7197d4756b66d3a21f25e48,COMCTL32.dll
0,d97d3b51568a9a21224168bd03299a960b6a3f9d2899e6004afcbf895e4d8e7e,advapi32.dll
1,d97d3b51568a9a21224168bd03299a960b6a3f9d2899e6004afcbf895e4d8e7e,comctl32.dll
2,d97d3b51568a9a21224168bd03299a960b6a3f9d2899e6004afcbf895e4d8e7e,oleaut32.dll
3,d97d3b51568a9a21224168bd03299a960b6a3f9d2899e6004afcbf895e4d8e7e,kernel32.dll
4,d97d3b51568a9a21224168bd03299a960b6a3f9d2899e6004afcbf895e4d8e7e,user32.dll
0,9738fee3b7d59093d6c20e9a2935c5c4c9ef58a772401d2cf5079e646aa9e652,advapi32.dll
1,9738fee3b7d59093d6c20e9a2935c5c4c9ef58a772401d2cf5079e646aa9e652,comctl32.dll
2,9738fee3b7d59093d6c20e9a2935c5c4c9ef58a772401d2cf5079e646aa9e652,oleaut32.dll
3,9738fee3b7d59093d6c20e9a2935c5c4c9ef58a772401d2cf5079e646aa9e652,kernel32.dll
4,9738fee3b7d59093d6c20e9a2935c5c4c9ef58a772401d2cf5079e646aa9e652,user32.dll
0,9ec08d76e4b810de2c3cbc7bd90787cc462deb0accc6996cab2394ab261c7154,advapi32.dll
1,9ec08d76e4b810de2c3cbc7bd90787cc462deb0accc6996cab2394ab261c7154,gdi32.dll
2,9ec08d76e4b810de2c3cbc7bd90787cc462deb0accc6996cab2394ab261c7154,ole32.dll
3,9ec08d76e4b810de2c3cbc7bd90787cc462deb0accc6996cab2394ab261c7154,winspool.drv
4,9ec08d76e4b810de2c3cbc7bd90787cc462deb0accc6996cab2394ab261c7154,comctl32.dll
5,9ec08d76e4b810de2c3cbc7bd90787cc462deb0accc6996cab2394ab261c7154,shell32.dll
6,9ec08d76e4b810de2c3cbc7bd90787cc462deb0accc6996cab2394ab261c7154,kernel32.dll
7,9ec08d76e4b810de2c3cbc7bd90787cc462deb0accc6996cab2394ab261c7154,oleaut32.dll
8,9ec08d76e4b810de2c3cbc7bd90787cc462deb0accc6996cab2394ab261c7154,version.dll
9,9ec08d76e4b810de2c3cbc7bd90787cc462deb0accc6996cab2394ab261c7154,msimg32.dll
10,9ec08d76e4b810de2c3cbc7bd90787cc462deb0accc6996cab2394ab261c7154,user32.dll
0,5cbafe5d83408e74b19be8442996c3ac6c428d8719c732f41351d2f50043ea9e,gdiplus.dll
1,5cbafe5d83408e74b19be8442996c3ac6c428d8719c732f41351d2f50043ea9e,USER32.dll
2,5cbafe5d83408e74b19be8442996c3ac6c428d8719c732f41351d2f50043ea9e,MSIMG32.dll
3,5cbafe5d83408e74b19be8442996c3ac6c428d8719c732f41351d2f50043ea9e,KERNEL32.dll
4,5cbafe5d83408e74b19be8442996c3ac6c428d8719c732f41351d2f50043ea9e,OLEACC.dll
5,5cbafe5d83408e74b19be8442996c3ac6c428d8719c732f41351d2f50043ea9e,msi.dll
6,5cbafe5d83408e74b19be8442996c3ac6c428d8719c732f41351d2f50043ea9e,OLEAUT32.dll
7,5cbafe5d83408e74b19be8442996c3ac6c428d8719c732f41351d2f50043ea9e,SHELL32.dll
8,5cbafe5d83408e74b19be8442996c3ac6c428d8719c732f41351d2f50043ea9e,urlmon.dll
9,5cbafe5d83408e74b19be8442996c3ac6c428d8719c732f41351d2f50043ea9e,VERSION.dll
10,5cbafe5d83408e74b19be8442996c3ac6c428d8719c732f41351d2f50043ea9e,GDI32.dll
11,5cbafe5d83408e74b19be8442996c3ac6c428d8719c732f41351d2f50043ea9e,ADVAPI32.dll
12,5cbafe5d83408e74b19be8442996c3ac6c428d8719c732f41351d2f50043ea9e,IMM32.dll
13,5cbafe5d83408e74b19be8442996c3ac6c428d8719c732f41351d2f50043ea9e,COMCTL32.dll
14,5cbafe5d83408e74b19be8442996c3ac6c428d8719c732f41351d2f50043ea9e,oledlg.dll
15,5cbafe5d83408e74b19be8442996c3ac6c428d8719c732f41351d2f50043ea9e,ole32.dll
16,5cbafe5d83408e74b19be8442996c3ac6c428d8719c732f41351d2f50043ea9e,UxTheme.dll
17,5cbafe5d83408e74b19be8442996c3ac6c428d8719c732f41351d2f50043ea9e,WINMM.dll
18,5cbafe5d83408e74b19be8442996c3ac6c428d8719c732f41351d2f50043ea9e,WINSPOOL.DRV
19,5cbafe5d83408e74b19be8442996c3ac6c428d8719c732f41351d2f50043ea9e,SHLWAPI.dll
0,ae9d87149eb3ce8eaed8f76cda287e5ea94c4c7acbb0431376d627067031e604,SHELL32.dll
1,ae9d87149eb3ce8eaed8f76cda287e5ea94c4c7acbb0431376d627067031e604,RPCRT4.dll
2,ae9d87149eb3ce8eaed8f76cda287e5ea94c4c7acbb0431376d627067031e604,ole32.dll
3,ae9d87149eb3ce8eaed8f76cda287e5ea94c4c7acbb0431376d627067031e604,USER32.dll
4,ae9d87149eb3ce8eaed8f76cda287e5ea94c4c7acbb0431376d627067031e604,GDI32.dll
5,ae9d87149eb3ce8eaed8f76cda287e5ea94c4c7acbb0431376d627067031e604,ADVAPI32.dll
6,ae9d87149eb3ce8eaed8f76cda287e5ea94c4c7acbb0431376d627067031e604,OLEAUT32.dll
7,ae9d87149eb3ce8eaed8f76cda287e5ea94c4c7acbb0431376d627067031e604,KERNEL32.dll
0,2a69bb1ff7f41b683642e7eba45f0acef842728555874df30b8f057dd461ec3e,SHELL32.dll
1,2a69bb1ff7f41b683642e7eba45f0acef842728555874df30b8f057dd461ec3e,ole32.dll
2,2a69bb1ff7f41b683642e7eba45f0acef842728555874df30b8f057dd461ec3e,USER32.dll
3,2a69bb1ff7f41b683642e7eba45f0acef842728555874df30b8f057dd461ec3e,VERSION.dll
4,2a69bb1ff7f41b683642e7eba45f0acef842728555874df30b8f057dd461ec3e,GDI32.dll
5,2a69bb1ff7f41b683642e7eba45f0acef842728555874df30b8f057dd461ec3e,ADVAPI32.dll
6,2a69bb1ff7f41b683642e7eba45f0acef842728555874df30b8f057dd461ec3e,KERNEL32.dll
7,2a69bb1ff7f41b683642e7eba45f0acef842728555874df30b8f057dd461ec3e,COMCTL32.dll
0,02e58c9b8c2760e96243f93c435ca7b0eca2d14ab2f399af3d26a82ab9f1d7c8,SHELL32.dll
1,02e58c9b8c2760e96243f93c435ca7b0eca2d14ab2f399af3d26a82ab9f1d7c8,RPCRT4.dll
2,02e58c9b8c2760e96243f93c435ca7b0eca2d14ab2f399af3d26a82ab9f1d7c8,ole32.dll
3,02e58c9b8c2760e96243f93c435ca7b0eca2d14ab2f399af3d26a82ab9f1d7c8,USER32.dll
4,02e58c9b8c2760e96243f93c435ca7b0eca2d14ab2f399af3d26a82ab9f1d7c8,GDI32.dll
5,02e58c9b8c2760e96243f93c435ca7b0eca2d14ab2f399af3d26a82ab9f1d7c8,ADVAPI32.dll
6,02e58c9b8c2760e96243f93c435ca7b0eca2d14ab2f399af3d26a82ab9f1d7c8,OLEAUT32.dll
7,02e58c9b8c2760e96243f93c435ca7b0eca2d14ab2f399af3d26a82ab9f1d7c8,KERNEL32.dll
0,c0baccb0b5cfb52bf33be1649d267189e7d543e7e1baf2dbf2db0c1b2d9f91ea,SHELL32.dll
1,c0baccb0b5cfb52bf33be1649d267189e7d543e7e1baf2dbf2db0c1b2d9f91ea,RPCRT4.dll
2,c0baccb0b5cfb52bf33be1649d267189e7d543e7e1baf2dbf2db0c1b2d9f91ea,ole32.dll
3,c0baccb0b5cfb52bf33be1649d267189e7d543e7e1baf2dbf2db0c1b2d9f91ea,USER32.dll
4,c0baccb0b5cfb52bf33be1649d267189e7d543e7e1baf2dbf2db0c1b2d9f91ea,ADVAPI32.dll
5,c0baccb0b5cfb52bf33be1649d267189e7d543e7e1baf2dbf2db0c1b2d9f91ea,GDI32.dll
6,c0baccb0b5cfb52bf33be1649d267189e7d543e7e1baf2dbf2db0c1b2d9f91ea,OLEAUT32.dll
7,c0baccb0b5cfb52bf33be1649d267189e7d543e7e1baf2dbf2db0c1b2d9f91ea,KERNEL32.dll
0,ab4331a85a3107a26695ee3b1713e9f6aac8e70f843841d9e9e1c3b53da0552a,advapi32.dll
1,ab4331a85a3107a26695ee3b1713e9f6aac8e70f843841d9e9e1c3b53da0552a,comctl32.dll
2,ab4331a85a3107a26695ee3b1713e9f6aac8e70f843841d9e9e1c3b53da0552a,oleaut32.dll
3,ab4331a85a3107a26695ee3b1713e9f6aac8e70f843841d9e9e1c3b53da0552a,kernel32.dll
4,ab4331a85a3107a26695ee3b1713e9f6aac8e70f843841d9e9e1c3b53da0552a,version.dll
5,ab4331a85a3107a26695ee3b1713e9f6aac8e70f843841d9e9e1c3b53da0552a,netapi32.dll
6,ab4331a85a3107a26695ee3b1713e9f6aac8e70f843841d9e9e1c3b53da0552a,user32.dll
0,ddcd804f934304e695c513741857c3d01865d24fe551286e56e5f2b52fe73fd7,SHELL32.dll
1,ddcd804f934304e695c513741857c3d01865d24fe551286e56e5f2b52fe73fd7,ole32.dll
2,ddcd804f934304e695c513741857c3d01865d24fe551286e56e5f2b52fe73fd7,USER32.dll
3,ddcd804f934304e695c513741857c3d01865d24fe551286e56e5f2b52fe73fd7,SHLWAPI.dll
4,ddcd804f934304e695c513741857c3d01865d24fe551286e56e5f2b52fe73fd7,VERSION.dll
5,ddcd804f934304e695c513741857c3d01865d24fe551286e56e5f2b52fe73fd7,ADVAPI32.dll
6,ddcd804f934304e695c513741857c3d01865d24fe551286e56e5f2b52fe73fd7,GDI32.dll
7,ddcd804f934304e695c513741857c3d01865d24fe551286e56e5f2b52fe73fd7,KERNEL32.dll
8,ddcd804f934304e695c513741857c3d01865d24fe551286e56e5f2b52fe73fd7,SETUPAPI.dll
9,ddcd804f934304e695c513741857c3d01865d24fe551286e56e5f2b52fe73fd7,dbghelp.dll
10,ddcd804f934304e695c513741857c3d01865d24fe551286e56e5f2b52fe73fd7,COMCTL32.dll
