md5	library_names
ccc5b602d11eca38537c62277c8c1e2d	KERNEL32.dll
ccc5b602d11eca38537c62277c8c1e2d	USER32.dll
faeac9a9389c589c15bf3ec13f5b0761	RPCRT4.DLL
faeac9a9389c589c15bf3ec13f5b0761	KERNEL32.dll
faeac9a9389c589c15bf3ec13f5b0761	ole32.dll
1bfbf6afd739632c58a3fcc3ac73e7b4	RPCRT4.DLL
1bfbf6afd739632c58a3fcc3ac73e7b4	KERNEL32.dll
1bfbf6afd739632c58a3fcc3ac73e7b4	ole32.dll
179ae4ec79c4affb21b54674e2e641f8	advapi32.dll
179ae4ec79c4affb21b54674e2e641f8	kernel32.dll
179ae4ec79c4affb21b54674e2e641f8	shlwapi.dll
179ae4ec79c4affb21b54674e2e641f8	untfs.dll
179ae4ec79c4affb21b54674e2e641f8	wtsapi32.dll
ac523495303814bdf07f7f8e4b133ba5	MFC42.DLL
ac523495303814bdf07f7f8e4b133ba5	KERNEL32.DLL
ac523495303814bdf07f7f8e4b133ba5	MSVCRT.dll
ac523495303814bdf07f7f8e4b133ba5	GDI32.dll
ac523495303814bdf07f7f8e4b133ba5	USER32.dll
e57b0f45572c162cd5583519f5ec1019	MFC42.DLL
e57b0f45572c162cd5583519f5ec1019	KERNEL32.DLL
e57b0f45572c162cd5583519f5ec1019	MSVCRT.dll
e57b0f45572c162cd5583519f5ec1019	GDI32.dll
e57b0f45572c162cd5583519f5ec1019	USER32.dll
115285076ccb6dd8960cd27e41e72f2d	kernel32.dll
115285076ccb6dd8960cd27e41e72f2d	user32.dll
115285076ccb6dd8960cd27e41e72f2d	resutils.dll
c264d635d05008f726fa8cb8611663d7	RPCRT4.DLL
c264d635d05008f726fa8cb8611663d7	KERNEL32.dll
c264d635d05008f726fa8cb8611663d7	ole32.dll
a26d9c59ecef741d882d84ac9097297f	MFC42.DLL
a26d9c59ecef741d882d84ac9097297f	KERNEL32.DLL
a26d9c59ecef741d882d84ac9097297f	MSVCRT.dll
a26d9c59ecef741d882d84ac9097297f	GDI32.dll
a26d9c59ecef741d882d84ac9097297f	USER32.dll
e6519b556516937a157af204cee80006	RPCRT4.DLL
e6519b556516937a157af204cee80006	KERNEL32.dll
e6519b556516937a157af204cee80006	ole32.dll
1802d2cf0d86593be5b61808bf5b3d0b	MFC42.DLL
1802d2cf0d86593be5b61808bf5b3d0b	KERNEL32.DLL
1802d2cf0d86593be5b61808bf5b3d0b	MSVCRT.dll
1802d2cf0d86593be5b61808bf5b3d0b	GDI32.dll
1802d2cf0d86593be5b61808bf5b3d0b	USER32.dll
e6dea619e927cb5ad1837dbac364ae93	MFC42.DLL
e6dea619e927cb5ad1837dbac364ae93	KERNEL32.DLL
e6dea619e927cb5ad1837dbac364ae93	MSVCRT.dll
e6dea619e927cb5ad1837dbac364ae93	GDI32.dll
e6dea619e927cb5ad1837dbac364ae93	USER32.dll
c44c922eb9a832b9f0e6add68dc4c7d3	MFC42.DLL
c44c922eb9a832b9f0e6add68dc4c7d3	KERNEL32.DLL
c44c922eb9a832b9f0e6add68dc4c7d3	MSVCRT.dll
c44c922eb9a832b9f0e6add68dc4c7d3	GDI32.dll
c44c922eb9a832b9f0e6add68dc4c7d3	USER32.dll
c81b5a29d59bb0212c13eaf82889e103	MFC42.DLL
c81b5a29d59bb0212c13eaf82889e103	KERNEL32.DLL
c81b5a29d59bb0212c13eaf82889e103	MSVCRT.dll
c81b5a29d59bb0212c13eaf82889e103	GDI32.dll
c81b5a29d59bb0212c13eaf82889e103	USER32.dll
7152f895012d0db20dda321d5ce2a098	RPCRT4.DLL
7152f895012d0db20dda321d5ce2a098	KERNEL32.dll
7152f895012d0db20dda321d5ce2a098	ole32.dll
2840a08d787adc4a16a0244b59cb3100	MFC42.DLL
2840a08d787adc4a16a0244b59cb3100	KERNEL32.DLL
2840a08d787adc4a16a0244b59cb3100	MSVCRT.dll
2840a08d787adc4a16a0244b59cb3100	GDI32.dll
2840a08d787adc4a16a0244b59cb3100	USER32.dll
758ec5dfe1c29cb1a65f7b7dfdfa60da	MFC42.DLL
758ec5dfe1c29cb1a65f7b7dfdfa60da	KERNEL32.DLL
758ec5dfe1c29cb1a65f7b7dfdfa60da	MSVCRT.dll
758ec5dfe1c29cb1a65f7b7dfdfa60da	GDI32.dll
758ec5dfe1c29cb1a65f7b7dfdfa60da	USER32.dll
565dbea2dfa36cff3743e29ee64a2bb4	RPCRT4.DLL
565dbea2dfa36cff3743e29ee64a2bb4	KERNEL32.dll
565dbea2dfa36cff3743e29ee64a2bb4	ole32.dll
774ce6800177cf768da73679f691eb6a	MFC42.DLL
774ce6800177cf768da73679f691eb6a	KERNEL32.DLL
774ce6800177cf768da73679f691eb6a	MSVCRT.dll
774ce6800177cf768da73679f691eb6a	GDI32.dll
774ce6800177cf768da73679f691eb6a	USER32.dll
148ad7aa5afbbb461637c383f7b14f61	shell32.dll
148ad7aa5afbbb461637c383f7b14f61	odbctrac.dll
148ad7aa5afbbb461637c383f7b14f61	kernel32.dll
148ad7aa5afbbb461637c383f7b14f61	authz.dll
148ad7aa5afbbb461637c383f7b14f61	modemui.dll
6d81fae2bbe84998bd1b8e62bf00351f	RPCRT4.DLL
6d81fae2bbe84998bd1b8e62bf00351f	KERNEL32.dll
6d81fae2bbe84998bd1b8e62bf00351f	ole32.dll
41e746088281ed8d35d5d4e9278691ef	KERNEL32.dll
41e746088281ed8d35d5d4e9278691ef	ole32.dll
3721ee013adda0ab29341fbee3204011	MFC42.DLL
3721ee013adda0ab29341fbee3204011	KERNEL32.DLL
3721ee013adda0ab29341fbee3204011	MSVCRT.dll
3721ee013adda0ab29341fbee3204011	GDI32.dll
3721ee013adda0ab29341fbee3204011	USER32.dll
4951f1e53f01b309849db7e99fec3632	MFC42.DLL
4951f1e53f01b309849db7e99fec3632	KERNEL32.DLL
4951f1e53f01b309849db7e99fec3632	MSVCRT.dll
4951f1e53f01b309849db7e99fec3632	GDI32.dll
4951f1e53f01b309849db7e99fec3632	USER32.dll
5962d2245468b2e15148fd90b177d083	shell32.dll
5962d2245468b2e15148fd90b177d083	odbctrac.dll
5962d2245468b2e15148fd90b177d083	kernel32.dll
5962d2245468b2e15148fd90b177d083	authz.dll
5962d2245468b2e15148fd90b177d083	modemui.dll
291409109d479d9c570be5e33cf3ab48	RPCRT4.DLL
291409109d479d9c570be5e33cf3ab48	KERNEL32.dll
291409109d479d9c570be5e33cf3ab48	ole32.dll
c9a6378df08a4b8c4246620c75091aab	MFC42.DLL
c9a6378df08a4b8c4246620c75091aab	KERNEL32.DLL
c9a6378df08a4b8c4246620c75091aab	MSVCRT.dll
c9a6378df08a4b8c4246620c75091aab	GDI32.dll
c9a6378df08a4b8c4246620c75091aab	USER32.dll
663d9f4f8556af2e80248a0974f83c75	KERNEL32.dll
663d9f4f8556af2e80248a0974f83c75	ole32.dll
746213ed51aec2a5907915d3f536878e	KERNEL32.dll
746213ed51aec2a5907915d3f536878e	ole32.dll
5d25fe0b7a745dd4e1cf92a0f2c79045	RPCRT4.DLL
5d25fe0b7a745dd4e1cf92a0f2c79045	KERNEL32.dll
5d25fe0b7a745dd4e1cf92a0f2c79045	ole32.dll
1f423b7ff63950937532d313482ad8d3	MFC42.DLL
1f423b7ff63950937532d313482ad8d3	KERNEL32.DLL
1f423b7ff63950937532d313482ad8d3	MSVCRT.dll
1f423b7ff63950937532d313482ad8d3	GDI32.dll
1f423b7ff63950937532d313482ad8d3	USER32.dll
c38efb8c26057fd530b6387c849a4ff4	MFC42.DLL
c38efb8c26057fd530b6387c849a4ff4	KERNEL32.DLL
c38efb8c26057fd530b6387c849a4ff4	MSVCRT.dll
c38efb8c26057fd530b6387c849a4ff4	GDI32.dll
c38efb8c26057fd530b6387c849a4ff4	USER32.dll
2970fd0e20b0daef86b6498de86459f6	KERNEL32.dll
2970fd0e20b0daef86b6498de86459f6	ole32.dll
55009297c910e0604775d05435314e4d	RPCRT4.DLL
55009297c910e0604775d05435314e4d	KERNEL32.dll
55009297c910e0604775d05435314e4d	ole32.dll
c2730226a62a2f33e217a6c896906954	MFC42.DLL
c2730226a62a2f33e217a6c896906954	KERNEL32.DLL
c2730226a62a2f33e217a6c896906954	MSVCRT.dll
c2730226a62a2f33e217a6c896906954	GDI32.dll
c2730226a62a2f33e217a6c896906954	USER32.dll
c49902192d72975666720ea8cc85266a	KERNEL32.dll
c49902192d72975666720ea8cc85266a	USER32.dll
23e0f03b6a6ec0e3e50cf3718dc550e0	MFC42.DLL
23e0f03b6a6ec0e3e50cf3718dc550e0	KERNEL32.DLL
23e0f03b6a6ec0e3e50cf3718dc550e0	MSVCRT.dll
23e0f03b6a6ec0e3e50cf3718dc550e0	GDI32.dll
23e0f03b6a6ec0e3e50cf3718dc550e0	USER32.dll
57e8ef3df2e0abe6d7ff36dfd3d37afe	RPCRT4.DLL
57e8ef3df2e0abe6d7ff36dfd3d37afe	KERNEL32.dll
57e8ef3df2e0abe6d7ff36dfd3d37afe	ole32.dll
72dbda0303afd4bd09918a4327e575a6	KERNEL32.dll
72dbda0303afd4bd09918a4327e575a6	ole32.dll
266233862094320aed4439544f086eff	RPCRT4.DLL
266233862094320aed4439544f086eff	KERNEL32.dll
266233862094320aed4439544f086eff	ole32.dll
1160b9e96d8968ead6d906ff4663a6c9	MFC42.DLL
1160b9e96d8968ead6d906ff4663a6c9	KERNEL32.DLL
1160b9e96d8968ead6d906ff4663a6c9	MSVCRT.dll
1160b9e96d8968ead6d906ff4663a6c9	GDI32.dll
1160b9e96d8968ead6d906ff4663a6c9	USER32.dll
ada9e60839697795b795670fba4d0616	MFC42.DLL
ada9e60839697795b795670fba4d0616	KERNEL32.DLL
ada9e60839697795b795670fba4d0616	MSVCRT.dll
ada9e60839697795b795670fba4d0616	GDI32.dll
ada9e60839697795b795670fba4d0616	USER32.dll
5ac4df555b11e536ed625d374418a823	MFC42.DLL
5ac4df555b11e536ed625d374418a823	KERNEL32.DLL
5ac4df555b11e536ed625d374418a823	MSVCRT.dll
5ac4df555b11e536ed625d374418a823	GDI32.dll
5ac4df555b11e536ed625d374418a823	USER32.dll
ca3e8986dd0d0139f664513ea6bc923c	MFC42.DLL
ca3e8986dd0d0139f664513ea6bc923c	KERNEL32.DLL
ca3e8986dd0d0139f664513ea6bc923c	MSVCRT.dll
ca3e8986dd0d0139f664513ea6bc923c	GDI32.dll
ca3e8986dd0d0139f664513ea6bc923c	USER32.dll
36211e683c77142cdbeb34bae233c1c5	KERNEL32.dll
36211e683c77142cdbeb34bae233c1c5	ole32.dll
e6a735fef823f196d835fe7211da5588	RPCRT4.DLL
e6a735fef823f196d835fe7211da5588	KERNEL32.dll
e6a735fef823f196d835fe7211da5588	ole32.dll
d5ab5d9e7a392fd139b8acb94e23a831	MFC42.DLL
d5ab5d9e7a392fd139b8acb94e23a831	KERNEL32.DLL
d5ab5d9e7a392fd139b8acb94e23a831	MSVCRT.dll
d5ab5d9e7a392fd139b8acb94e23a831	GDI32.dll
d5ab5d9e7a392fd139b8acb94e23a831	USER32.dll
e43c62ed8d074e1b9d3525cff4c35891	RPCRT4.DLL
e43c62ed8d074e1b9d3525cff4c35891	KERNEL32.dll
e43c62ed8d074e1b9d3525cff4c35891	ole32.dll
be2db841c4f5a17a51645e55fce7ce43	RPCRT4.DLL
be2db841c4f5a17a51645e55fce7ce43	KERNEL32.dll
be2db841c4f5a17a51645e55fce7ce43	ole32.dll
96bc3884cad09da69c8f051071981d6b	RPCRT4.DLL
96bc3884cad09da69c8f051071981d6b	KERNEL32.dll
96bc3884cad09da69c8f051071981d6b	ole32.dll
0d06c1aa64b12124e766ec0f551c9969	RPCRT4.DLL
0d06c1aa64b12124e766ec0f551c9969	KERNEL32.dll
0d06c1aa64b12124e766ec0f551c9969	ole32.dll
820703ce94238ecca31fff0481a835a3	MFC42.DLL
820703ce94238ecca31fff0481a835a3	KERNEL32.DLL
820703ce94238ecca31fff0481a835a3	MSVCRT.dll
820703ce94238ecca31fff0481a835a3	GDI32.dll
820703ce94238ecca31fff0481a835a3	USER32.dll
