,md5
3,003d8a858d00ac436641dd0210eb074f
7,0064f72e29ead1b569173e8af10735e0
8,006a286f15ad16a289c39e4c4c50f3f0
9,006d240833ca5d6476b951d7a296f4f0
11,008f31db08c42e5306d060f9e7171ee7
12,0097807174360134c88dcd682ff38c78
14,00aadb4ca9cf046351473a842b46bd60
15,00ab88fab01f07fb254aaee4d2736032
20,00f57ac8b384f7d21eeade87446659fd
21,00f831f4f1d1108450fcbd89297b7221
26,0120fe5e92fcb4c4609638276375f981
27,014800491bfab13c1b841367da12dd7b
28,0156edf6d8d35def2bf71f4d91a7dd22
30,017cb5c582a9a0c7a0e93513fa3aec06
34,01d972afe381635ab95d1a85e9d37122
36,01ee9fed8c7ff0144d6418fb7641aa31
39,0214fc2bd0ba6213d3971ac88263cb62
40,0221c70e6bc8dfbedf320dd8c468a94e
42,02393fe336f7ba15b1f41aa6a6df95a0
43,0246bb54723bd4a49444aa4ca254845a
45,024e631f744ad46f99f6bbd7c73b298a
47,0265f31968e56500218d87b3a97fa5d5
51,02aadd0984b007cdea27c046a09f1ec4
52,02d9b29c62f71876b760b51204243e0e
55,02f8be8aace2d68fa64285e67b4447e7
57,02fce33ddcd7561c32f12a2873b10598
58,0301296543c91492d49847ae636857a4
60,0302a4cb0c5040548f607d88629be577
61,030bfdd62bc5ab0669ed6dbf138f4275
63,0312a1cdbf0d9250db06ec75a5917268
64,0319bbe00248d58392d133b730340892
65,03243eac4b22bbb76dab865fbc7c85f3
67,032da3c3ca5850223858796b809d8844
68,033f857b45f3c8062a92bd6cb44a3f37
71,0373f98bfe81a327b4352c0c6b77aa1a
74,0385589754109fa70fbe0cf12423d9a0
76,03ab7750f89637a0ac25c4ad4d83da79
78,03b606ed9ffdee8856edf618627d38fa
81,03ec2aa246406a90cc99a551118520f3
84,03ffd3c87653940944e591209d78bf92
85,040818b1b3c9b1bf8245f5bcb4eebbbc
88,044aed7a2c0b441ce7647c040b244c73
90,045744038ca440e0ca54196335e1b02c
91,0457fd40e4b9eb689a83d5775235faaf
96,046bd8170986d793dccc3f98b0f64864
97,048177f23c5e70bbc07aa690a4556797
100,04bf410c1f50a7b242c7302e75a583fa
102,04d071ee3a198905a2346a4ddd39d805
103,04d125e2d9298eab488585515d75a1a0
106,04e760086afbcfc0e98ec25397f62d6f
110,0510c8a3aa300fd6ff551411ae0f4185
112,051c607cb68414a3900bd64dc589f1a5
113,052268e9c885655d4a8828df51183c7c
117,055c4477304d17bad79b4f114a6ce1ce
119,056bdf6fa8939d275f7e5310c3e4f34d
120,056d327fb9d4801c09c96939a152eb0f
121,057ac2058ef8e75bd2464a4934e90b59
123,058f571eb0fa679c9d077f851d74b89b
125,0597b82d23f47f8c9f3d2e5416113fbe
126,05a00c320754934782ec5dec1d5c0476
127,05a4fbfacc9774acbb778070956b9acf
128,05ad0d95f237fcf9e578a884571b7936
130,05e1879608ecd991cae7bbb917f47523
131,05f00a311e6b8af8f85fd4d3788ab980
133,05f65487fc314c2ee31fc667d0824594
134,05f6e10d6812f71458c5aa49c846eafc
135,0607017beac58e473498595e5a84ff34
136,060c373f35c262afdc88275e2ebc5240
137,061e4dbb95edd3b5abce65d32723dfa4
138,0622a02669cffd432c55089e16eac512
139,06259bafa939712ee25a3a80758bbace
140,063097f3dd9cb78f7b8ec47aa1d81283
143,066fe33525ffb265e21c9940aa28e2c6
145,0679c3bd2efc1015a351f2f0c38a36e3
149,06906a9a6594a0c9f0e028127804be52
153,06a7f0ddd8ec3ff9573502e4282b5cee
154,06a7f2cb8ca552f76ed01aa9d88e0b79
155,06abd2ab6eb2cfd6ff4e43b89fbeae59
158,06ba52eae04e8100e5b167a420c4fa78
160,06cc2c58b35393afd830c6d37d22f4e2
161,06d9b8b5dc9f3ccddb9dedc28a69b447
165,0743446261cd62ae7d2045f0afe83720
166,074db802aa499ac108216e2c031657d0
168,075b54ba497d5563b221b30b139c159f
169,076077775eae7016e2287d07a213811d
171,0782ed701a49394ac830cc313dfcd9f3
172,078aa893c6963aac76b63018ee4ecbd3
176,07bc51eee46513c09fd7e5642c3c3cfa
177,07c773571b1bda4e6981afbe0dd59836
182,07fb5fb393b14c3235d306401993c501
183,0807856354c3ca7090284fcfa1f852fb
184,08119d636433db66bdfe497b915b1333
185,08170083df90d59c1076e7a77da96cd9
188,0852b16e48c952174f0b700801faf559
191,0882db084f9b429452a125db1bdac5a2
192,08945d816ef948fa28ecbf0791ccb061
194,0898ae6d282150161455b7ea5eefbb5f
199,08afc16820da25364f6f2cbce2abcea9
200,08c1b410a3c20bcc4cd1ee2906c240af
201,08d1b27afc5f34e072d405d379b6add0
203,08f9f033e602711127e5f54f39910302
205,091454a0a304db968603a51bda0644ce
207,09247faec3c74bfc22a1fc24310a6576
210,093e436bb4feb5be906da63604ebafb7
217,09a6fdfaa84c6b0f63ae1e1899513830
218,09b26c0da2362e0e5524f8c5d0672f91
219,09bedda2dd64d3eaefad3f347fe58934
221,09c13aa871394629d510563af8e4345d
226,09e4320768f94a75b03e79372deddd80
228,0a046424b0057eebc3cb640d6435f132
232,0a2422f223c7456efe4009b5dfef5db7
233,0a2b48be671442fcd6eabc30294ce040
234,0a2d6a60bd298b2fcc04a618095a6a97
235,0a2de5e799143ae0087ceba4fe3af9b8
237,0a4074157920499803e3648863d7f1fe
240,0a743567c9fa72e08ca6c10ad6200176
241,0a7febb4e326d47caad7ea92ca9f96db
242,0a853f42b8afd5d54e7faff22e73d17a
244,0aa436ecb20331034fbf52c6d4d096ca
245,0aacf2c41ba9b872a52055ffcaeaef15
249,0ace20e4eac5909e628a86a4cce74023
253,0b05c048583e442b4b99ce54f8f8306b
255,0b0e8b01a86cf2e3f9c299f30b7286e5
259,0b67526f9715f84fa70b54a93570c2ac
261,0b71016ac598c45e8a2a219eba903ec8
263,0b97d7daa11324ef3bdd956aa6f88937
264,0bb059b416b8416e48cabff171a77169
265,0bbe29a35e84b0879fdbce9eedfe5920
266,0bc3f151654d9808a080555af22ecbf2
267,0bc638d8c24a8dbd1c17bca989281624
268,0bc93d53aeeacf62f1125e0f911fffae
270,0bd30fca55a734b29218d45d7dab1a04
272,0bde638b274c7f9c6c356d3987ed1a2d
276,0c0d798add0c4e450a1c8bf3824ea989
277,0c0e83a6a5a6dbe48dbe3d9584a460f7
281,0c27aef615e12387971daa0e57a809c4
282,0c2b3e33c4a4c9afa6aee9dac0868e0c
283,0c2d7c24d05a50799289cec7fbe4b56c
285,0c3fd79f7565ae56ba2db92eeb8a4ed2
287,0c4825345df5abaf9743c87e377b0c69
288,0c4a0d56a0f38c39a15629cdc79adabc
289,0c4bcd747e26da130ea483ab0ad89996
290,0c4ee25bada408404541bc1f4db93f3c
291,0c54af3a5908fb727ba25278dc7c37de
292,0c67c231dce4edf2180b36de1786b231
293,0c694193ceac8bfb016491ffb534eb7c
296,0c87efde95edfb2ef676094b04cecd14
297,0c89c1432d8ecfa1cda6b99c60fa4f4c
298,0c960d629363c0f0886d9307ff56678c
299,0c997c93bf7aac43e8bc22a9ea2fd9f8
304,0cb0077f98e42f365817e4842b982792
306,0cb20fc3870fcdfb132c77d4195f04c6
307,0cb51f022895461e29f9a5cf50d0df5e
310,0cd9141ea17861955c2a56e73ecd480c
314,0cefce0dbbbedc5eb1febe4d85b23c71
315,0cf672e46d4b046e20bc5d4c18b1e5eb
316,0d06c1aa64b12124e766ec0f551c9969
319,0d26992fa443974842e21f3af7fb669e
320,0d2c400c967b3df9f1c5e193e9ffe482
323,0d6367303cd78aee3dcb2f41de5823f4
327,0d766829ba6a50105ad9710c7684429a
331,0d96df4667254727fed1f71d8d89318f
332,0d9d97140ad3ff284f2af7a147e783c1
336,0ded766616638f1fc713fd1f7d29e01c
337,0dfca835f5deae1dac70e0526d630c2d
338,0e0d8e497739b603c854ee2ee77f1422
339,0e1ce77c9caeae42f3a2f081dbafbbc7
340,0e2393207a89bf6bd9bee8cbe1ddab5f
341,0e25060d99046dbc5b2567ae5bbd0c2f
343,0e3dea94c53c7269c4dab4b21dc9c3dc
344,0e527383dc50b48d63183e1176c4d79e
345,0e61e496fc218c1c6dc1f5640a3ac7e5
347,0e89d5295027605e591057b839400ca6
348,0eaa2e26fe08ef4a197865f0a321c8cc
358,0f4e20d21463fec401172318892b001b
360,0f678df4dde15367c9d5d85fb21df205
361,0f6d27e0e922c41f3b6205155521ce32
363,0f7fe07e5706fcd7747a62dd3bc95811
364,0f83e147217c156b7ab66a26cf865827
365,0f87de365e938e6fdfcdc2d1bd568db6
366,0f8f25fdd4616b5de969a659ef68df22
369,0fa93de82576f6fa5d4cac344f15c0e0
370,0fbde0d034dca19b5231b826c2a5b45f
371,0fc6cee7dfa0c946f5a40fa2537445d4
381,10252dd13043be201e9d0910357916f5
383,105e3c83c875f2a8733fe94afc37d052
385,1089e51d09d2faa1956fd04bbbb4c6b4
386,10b3890dc144482c51ab2a7fecd40fa4
389,10c17d5a013ec58dbf50349bb4bbdfe3
391,10f262273180e9dfcb6b458de5155d3b
393,111428bd294d133325cbb8f799f9b6dc
397,114e83dfe9fe596dd1b04c3b2d8bff30
399,115285076ccb6dd8960cd27e41e72f2d
400,1155dbd30c23e72d2badfb9f960a7f58
401,1160b9e96d8968ead6d906ff4663a6c9
402,1174d5e5ef9d67bb2fb56b9e15eac7d3
403,1179c9a17d8ff4936f4178d1f0f5061b
406,119ebf196970dfb084386b319b711688
414,11f725b419e33e84186772d5c9879ea8
418,121ee4651cb85e1c33d49f4a11f03657
419,1221ac9d607af73c65fd6c62bec3d249
420,122622226ba84d5a8ebedda2f5b043ab
423,12381e721200121ffde587cf12336039
424,1238f2fcb835dcfe46ea08a707dba7d2
425,1256ddca778f4c191fc621b86a642bd4
426,125a610f01432b2a88276865e40e5f74
427,12666b5054cc0cb62cf758736340c1bc
428,127117b70118e0aa86913738978231d4
429,1271dcd3eeef98a85b567a1936d915ce
430,1287b4b32bec1e889276e98e3def776e
432,12a5201a97f9c37d7d0cdf805141a285
433,12a998ef3d11d83a2f35dacaa8cb395c
434,12ab2e0b7d6e6a54ef9a0b3b04124059
435,12af4bb16d442612bc5a7c546c9e8dcb
436,12b5f53d4606a3a5192c53473722e202
437,12d850a38021ec63ef501446a40878c8
438,12d8ffb0f5ee0d16d6210109e92cfd1d
439,12dda0ac9e396f34696d50819a18a762
442,130c9f82d53ca0a9651942813392f422
443,132053c1f40d453bd95a253262ce588f
444,13250a10d2a921c60a97e0455c774692
445,132a4f45cd74a8dd906f0af3e582d0a9
447,135c04c0e782ac7dcf50d33b1a172791
450,136bb5fdd32a7b8b65f155b532c9c4c6
452,138d8401efd0e43003746403cfaca1cc
458,13b2adb2360452247140f0892ab4edb4
460,13b6ade75032f99d8b4d825d012d8d27
463,13c6c1e1a298bbadb1c409d0bd5709b7
465,13d702666bb8eadcd60d0c3940c39228
468,13f0b45f2f1eb8116db2b73706228134
469,140162bc0b8dcc4159c426d0a4d6b073
475,145a58b6d55df940dc7e7233201b79bb
477,145c78841af85802c88847bc5316d7c7
478,145d51a5fbfe2b62f2aa59cf0e0424f2
479,14705b1da5185382944a1b4fdf576c28
480,1473cd276e116f53bd88e51405e4afaf
482,148ad7aa5afbbb461637c383f7b14f61
483,14933dce422f27f759d0d62fc014c601
485,149e8a108b609a026e45e674f6a38a42
486,14a12f4a8479b981c82f0168244ab92d
489,14eba698c1dedfee512156111ec6ba3b
491,1519a3eb7d1cd3b9e7d7db2bdd6d5834
492,151aa7038956170ad5f15e4ee01dd487
493,1527e149b5a797dca2b1feef38eb5f30
495,1531dcf165e9de1ef0a3e90167caee05
497,155106c45d76d566051cc65f77df2e55
498,1559a67cbda388b3a960406a0ef903ae
500,156727ee7cfa8bb40f8b43bc45c7ffba
503,15914886232c164bb2521af59aa0e06e
506,15d4bb32afbcfe5f7b7e4d56b21e1a71
508,15e6ab43252a8273a5548ae10b80d47c
509,15f4c23a5169a1f4c7aa05590e58180e
511,161a56741faeab572b3fc3b573ddb068
512,1646c96fe824629fa2b4dc223a9b7bff
513,1648437368e662fbe4805a1f95aa9fd0
515,166244c2351bf9c164a887f48b53882a
527,171fa518e57980b19b6374721673717c
529,17243fc984cc18f6bfc96752869722fe
531,173b7c26c5e8087ea640dfc503f12111
534,17464a712d66c4dc954e392394f920dd
535,1750210a0d44924c9f140e61954cc028
538,17777c88a22efe6eeb0039931011b311
539,178d7850bf2c5f1786f53571509fb555
541,179ae4ec79c4affb21b54674e2e641f8
543,17ccbde37ac4b98287dfc8b968763bba
544,17ce16bf307c1059fe2fb55c0c48a483
548,1802d2cf0d86593be5b61808bf5b3d0b
551,181284fc1ab22af755920d29ee02eab4
553,182212a6cd19e379d2e99b1a6d574280
555,1834ab454c1b70c07ebfbe84091f2d6e
556,183f6c2bf474fca461890407bdd4cceb
557,1846b8a6c84afb2dfa592b5e5668f3da
560,18786bfac1be0ddf23ff94c029ca4d63
572,190f316b77f0af5a1d353024d4c53c60
573,19106a543a1436eb8a2fc0d19adaa33f
574,19127d5f095707b6f3b6b027d7704743
576,19310bfd476c9e2425105cbeb0b111ff
577,1934bc240ae9e8e101490a9dab13c079
579,194a931aa49583191eedd19478396ebc
586,19a7b5f094f944081feb1e30ae031322
591,19c59ff7b80ce012c6c86ce6506dd436
594,19d926f871d279f4e4ca4f95c935c806
600,1a1c4755c01cc0b3112bf0c7bf069fd3
610,1ab81777afef8020251e6b7b9adfea17
614,1b0faabf81a28c843227c9584f9a76cb
616,1b21c2374e4a7c5c9cf48c2fe30ddc15
617,1b31014a368f68100c4524330712ab9b
625,1ba2fa989a2fae666e9515316896f2c9
627,1baf88550f90c9051a7415dc0c1db1bf
633,1bf1e8d1392c94f8b1c7fa225f3a3d2b
634,1bf41e08f04bcc13e08d11b0dbabb164
635,1bfbf6afd739632c58a3fcc3ac73e7b4
636,1c036e1658a8fff9f6cdef1fbc4b2b17
637,1c0491fbf03bf4fe25afb6d2e73079ea
638,1c126441d4635baf74e6fd628baa6714
641,1c4d71b0c10f7b8878d3480c5ba4dc46
642,1c68fb35c946bbcfa8a2fe3c467605ad
644,1c82275284275b33974b938b16b2b2ae
646,1ca6b3b39bf46a3deac9165b14a5ae11
647,1cac411663de3b860eaceadb7b0b5560
650,1cd367ca3985d0602642c8f7055d0560
651,1ce73eb306d8afa1ff54668550b0f5d5
656,1d1fbf28eed9a02efffc596c252f8dd1
658,1d4d5a1a66572955ad9e01bee0203c99
660,1d75ab073a01e5636198aec7ca6e4f8e
661,1d79081c13e8b680763cb80311c571b6
664,1da4f946eb8080b031e69e0af246df63
666,1dc7f17c3d5bf986e4dba4acc4f64374
668,1dd04244e48c6ffb3034539b16616986
669,1dd5dd5561723f37ccc81e15ecdbf830
670,1dda0aef745fedc527e37a1ebd5c0ce8
671,1de5df10542b83503fed02b729e6b98e
672,1e028f0209a3b0e6c09c3417fa7b0581
673,1e13acbb50134a4a9e58b07eeff7ab90
675,1e229f5b73e48300cd9af8285dd6370a
680,1e5cbc47e8e6006026d9fc5f66a03fd7
681,1e5e4ce829672be9f0a9ac5ea07233fa
682,1e94973ffe7729662b21ea5c4fbb916d
683,1e971a9a6f5d19a7383e9f4d7fa7e3e0
684,1eaf388537db41d6ab31e03df8f5e244
691,1efa5a5c888d83221cf1f2c018f6d551
694,1f423b7ff63950937532d313482ad8d3
695,1f47735a7fc130c18e086eda5235fc7e
697,1f6f039bae1ba1e2e0808ec5ed431d7c
702,1fa011e6a692ee95452c626e61b5263a
703,1fa99bddce313ffa123115e0b6362b0c
705,201a13c43cc13418a1205c5d5a401768
706,202700bc6fecb19936f97f71470e11fe
707,203e3c4916f65945010011d25d1f47d3
711,206ca76a4e2918f5469969c99dd5c8c8
716,209a288c68207d57e0ce6e60ebf60729
717,20a867ffee65f849ab3c8cfbdab5f914
718,20af162430253430daf2f2e1d4c34606
721,20d0fa88bd4ef3819de63c704e849854
723,20e4327f2d4eefe1c4dfd7bffb8d9da4
725,20fde87b85e07fadbdd8cdb6d9ca6f2c
729,213519c2edbfff7b8e500bcdb7be485e
746,2208ff29c96c7ac0318ff659831dcdb7
747,220aa39ccc6de1eb7c8778b067e370b7
749,221825230a51d857fb9ee63ca1aa6fe1
752,22481b49969c815dd853ca8d40e4c95f
755,225ffd144298eb3f220b3847392eedef
756,2262b9a4139d61c2eacb70d20d86f9d5
757,227032a80f8fd348384d1b1d8dc2e54c
758,2274961547547a14664e38901d83167a
762,2298b29ace7262bc522170df593c8d64
767,22cd8e06f3c693dd6d3fb763e8826380
769,230606dd8b0d62e2a8a04ef61b2d8707
770,230cd03307150fca013c03d634f7bf60
773,2340585306ee24b7370a7ce864e62fe1
774,234f8702175ec2f92125082e48e2ea02
781,23bdeaab1edd28a60d32a7012cc690ef
783,23d44bb936e6461c8979bd7a6feeb0ff
784,23e0f03b6a6ec0e3e50cf3718dc550e0
786,2406a119eecd6212450dee2d7d56d01c
787,2417d45cf82c82fecdb2a27aa4f02261
788,24219fb1b5b77c6a987a7d9bfc312140
794,246c2781b88f58bc6b0da24ec71dd028
795,246ff59fec3a7826f47625a64fca3a88
796,24751890c0f8ec4516e9f0ee9b8af6d2
799,24913f734e2b638081d66b6057b03241
801,24c859d59748fe892ec51e12ff8503c1
803,24f1013d20000f6fdee69cef8fc6c2da
804,24f89b42a9614bfbdb4c2bf97c0b0257
807,250375385af226052f04abb6a21a2703
808,2505bccc7a84210560096798d9117c8c
810,253c6c9598498931c52ef49a02610e19
811,255c2460ef9f1c88494c2cec58b38c92
813,25870366dd014c760d96281b60e240c1
820,25bd4482b1efbdaada9323d8dee5391c
821,25c2c762abb12bb35f72018cfbf45cc0
823,25f945b53f6399d444a1277cf5c2a939
829,262afd9f38be73107f54fa04a7b5cad0
831,2650e8e866bebf8457fd5f4280f10852
834,266233862094320aed4439544f086eff
836,2676342d7c3ee16b77ced6d439b7a025
839,26a1002e4e4da9fcfa33a69b283ce131
843,26f9c1adecc9cd54c76e5d6260ffc4b8
844,270b5f95d8aaa64eb70edf04aca4b6a6
846,2728c068af13fc103c23f7805b1bc4f6
847,272e43ef4d6b694ef41b2a8598767182
850,2748684ebe9b823b9609e4b4e99fb9fa
851,274b166a39093fc87faa42a7608841d7
859,27cdaf17c6391c634a9d9a1e580f167d
862,27ef281eae4ab5f6ccdf7dfb19bb8dbf
865,2813d34f6197eb4df42c886ec7f234a1
867,281733da789939663c76c673aa3faa8b
868,2819d9a42ea89c575d72e1ea50450474
872,2840a08d787adc4a16a0244b59cb3100
875,2871050590aefd915891b133878bbf01
876,287847b3c7c76c81ffb0603c5562c594
882,28b92bcdfe209d0cebc4e1d9de019924
885,28e2675836555199343945583b2c7418
886,28e2720dd44dea7b5b64c7712ec3e863
887,28ed97a1183260b30d235b87dc4e6658
888,28f486318ef8e9ec7f0017dde41acfcc
890,291409109d479d9c570be5e33cf3ab48
891,2917947dd1db91c1879527e128e40414
892,293128221a8d46c38a1fcf32f1d91b3d
894,29649c968550c8e97565e81dcce5b81a
896,2970fd0e20b0daef86b6498de86459f6
900,29e080c7768cf2ff31a12c087b965987
904,29fc876976d26e5ff8922fa16cc93301
907,2a17debbd851a34b2ec8953c69d9787e
908,2a23e2a051e559ba576a0e8623f9231b
913,2a583217e73d00e353c95153bca6f726
915,2a5af17090ba099c1c1496c15cb1b97b
919,2a69c12808bed4d7ca3aa1d9a42f9d5e
921,2a7cccdf4f84f4430c0286ec56df824c
924,2a8f9f1f4f9e58db26e0c1d73443566e
928,2aa6201753effd68c3502e9468d5a278
935,2b193cbf38530ec0010cf2328d808a92
936,2b2f6c6cba5d357819027ad88b68ad7f
939,2b464ef8fe122250929f06b63999d533
943,2b745e0a8dadac6b2beccd26ddb8c08d
946,2be3e2765516bfd80e9ae417019e8806
948,2c0bd62e6c70102591a4c4e77d68f948
951,2c1528b67f72a75098609a3b53b1463f
953,2c22549d2d7af6aa04be39aec6ed6728
956,2c7eb50850ecee3390a0ebe411cc54c3
959,2c897fbd7e9e730f36220bf13283fd81
960,2c8e5a6bed65c5f46f78e5f42ca83930
964,2cdf209984ced75e265c7a4fd96910b5
967,2d1d761683d73f96f89e1a9572b164e9
968,2d237a52c2212f0a064bb273914f6e99
972,2d4bd371fd8d31456922a42ed52e206d
974,2d615dbbccec5c5cdd79763ac6c56dc4
975,2d62408ad1bbb0916799e53bd4849d79
980,2d704edaf56028b1e3cb08bf227244ce
985,2d8e313909bdab7f0f09114fb9a35968
990,2e13026578b1df600a99076956b12aea
992,2e3a61907992a8f6c49cd558cfbfa831
994,2e5773b9d2286bb2a7b8c2ca7682e8d2
1000,2f3300df4f88f94881f06bbbfcdf4e44
1004,2f512bcf9d5fb1930365ecde38f683dc
1009,2f802779b916a9eca1d6f47e3de80d2c
1010,2f803c8b59697caed33bc5d84627cef7
1012,2f9d360a3dc9e9bd8eb4788166a429ec
1013,2f9fc82898d718f2abe99c4a6fa79e69
1014,2fa09a3780f298965d762d6c21ba606c
1016,2fb2680c3b5f5d3418e4e12cb44bf2c3
1017,2fbe4797f3c27732babac89bfb29b098
1018,2fc01f09cb4a3bef9b35f0412ac45a26
1019,2fc4d651550a2426ab070c2fc9262100
1024,300141249dbb1efe9bbd9d32c495d482
1025,3006e244f7a98acfba5bbd5eb7d66f5c
1026,30101874131045bf3d1217682fca5a7b
1030,30460e91969ce7d09396d618b676942a
1034,3072b864540b53a39f979329dd63c524
1035,30750255b25fd263b0524f10b72ba626
1039,30c2a982eb99808711d7d77049b28932
1041,30cc30d640ddb928e9eb1fe6d2d1155f
1042,30ce4ed133c40a11c9ef9a7040a9e1e7
1043,30d01cb332cd7e04233b80b914c9d7cc
1045,30e0b36b2d521349158517b34d4acd78
1047,30fabb779ff466abb517b7b3db6f10ac
1048,310342183f3632361ced85fdf54b6370
1050,31126e14e7bf1f99e001db2801011255
1055,315150a33726769f84d110a71239b300
1056,316bde3cb2853879ed7200d6fe7f6b30
1057,316bfd4e333dd4ebf9d1905a590e5d52
1059,3181bbffa68258167d9038546b49094a
1060,318f3529e0de47ed8938fe4733428a7c
1061,31951986b6058304a7fb4d9b13c94f9b
1065,31c2e85ef5e4c0009e1f18794527b4ca
1069,31d2bdcd2fc117b558b54e731af02a65
1073,31fe7dc74f835455dd0832dee2a0fc2c
1074,32137db58509d26fbe616e6e50f6b336
1075,32243ff06932d67bc1febe26dca77b98
1077,3239c755c5e93c5ace665fcce186b278
1078,3251e5ebe7c0e61aac2d2f74b3423e12
1080,3259a0dc78db4bf4f37785bc075d2094
1083,329d083880ddb262e38a8db3c5a6c9c3
1084,329eb3d444fdf057f06b0f525e6c4063
1090,32ed52d918a138ddad24dd3a84e20e56
1091,32f2a3ebb2375af29390d8ced2f12363
1092,32f6510547e15fc19f0f9f5b84aaabe1
1093,32fff05663093102154e887f71854b4e
1094,3309c946553cb863539e95cd088341dd
1095,331d5397566dccad1b14aeba7f9ea8ac
1096,3336b2bff2d5c47962f9d23f0977b0fa
1108,33dc62b553bce3e76d54dc660da40861
1111,33e8522a14e6677919f4ee63d7641ad7
1113,34007603be3cdc5e0e8770418755951d
1118,3437fc64e9a51548f3db6d3369206139
1122,34468df359cfbc0f9620de4d8c018b59
1123,34496e26c8d80876d19ef50ab5d0f699
1129,34a21acbdd9740b13ca14329afcff127
1130,34c909767313eadd88b2915eee749564
1131,34c9440831ceb4057cc8844f0bfb483c
1133,34d5a0973172485c2c4f20983ba7a0a4
1134,34d877a8fb47ddd068bc369c222bb937
1137,34eb209615c71a389df132f9ba9ff02b
1139,34feacac7f909d5f5433eea8d88fe6ad
1142,35167d9abbc8c45afeab76085590ae51
1145,35470315151902be4d56eda0ecd9bf84
1150,35785b10be5d2264f56af766d27fe577
1152,358cf9ef7b17b02deb38aac457c01ab9
1157,35c274cfaf045da9213ffafd1a6f2349
1161,36211e683c77142cdbeb34bae233c1c5
1163,363dbeb1ddb13f6e4abf9ef7d2b82155
1166,365a0a318c18d95f8326a337ada3435b
1167,36631678ad952e3a0f7dd5bccfa3d6f9
1168,368ab4b33d432845dad73ec3254b4f09
1172,36bb567db3155556553bf9a133d3ea32
1177,36ea6f44f742af83397668b4074c0b56
1180,37012488e2939941b1a49ab4016f8f4e
1181,370546a376345688e5ad3ef836e2ea78
1183,3715ddcb687df8c3a7211cb4176f905d
1184,3721ee013adda0ab29341fbee3204011
1188,374defdc47cdb5da9f425949672a67d3
1192,376db43bef9be796db9fa3e5ad388ddf
1194,3771b97552810a0ed107730b718f6fe1
1200,37be2187a8f3ff2b03b41f909f7534e2
1204,3822d0484ec81d615a0913c398ad1f83
1205,38289e6554a10d0ff67394bf73ec13f9
1207,3836e490f557c024564eef358998d5f9
1208,383ffab9c13ea036d01deb75d04de39b
1211,388bc1ac424427f038410cb017937b48
1218,38e6cb6f8b9ff7450781139e993ec50b
1219,38f15273a6b44372e87324991e10e5f9
1225,391545ec6af518ed54a155b5e544c8c8
1226,3921fe19407ca1ce8505e3a0712d220e
1231,398e2b1ac48802a5f54f5a494cfb94e4
1232,399b04575c36235162d7908cbbcf6bcd
1233,399d10fe6bfb0f8e55825310aee73bc5
1235,39df9a373edc30fd9beafae5864afb48
1237,39eee4bd38acc18c7278a88b40c99f7f
1239,3a3e19beeff8c87ccfbcd233c0db4ee7
1240,3a453e3a77fe7e1534b578f79ad3e987
1245,3ac0c70d1e998044b72d9754e81ac166
1250,3b22590fd6990e183b7ee20a4f0a698c
1253,3b32e89e6e0bc344b35fd9bdde8ddf38
1255,3b531437b602c7922e5dfd344c757b2b
1256,3b61c2df8f9d9b272f538f5ca6696500
1259,3b8b0570bb025ccc029e6ded41e93c0e
1260,3b9aad78fe5d1495f45bbce0995e865c
1262,3bcd657d4eafcc7889bee83d16435d98
1267,3c0d24b8501516d86ac9391e8a5f83d9
1271,3c3b36ffbf9d48814a44329c8e5c7e2b
1272,3c5a306fff4cdccbf8a334bad9939694
1276,3c7f6b425fcb3ed48a3112bda6928e8e
1279,3cc59be78fbab4b0eb2b77054c4d847c
1280,3ccaa89f776cea78ecf594df2c590ead
1281,3cdb77217f2905bbf81be14de6b8770e
1282,3ce038a21b7853dae6346ead6502885a
1285,3d064037c8807b73c68785a963438826
1286,3d0899647f5b97b571d4b7ca9d1c1b60
1288,3d4d963eb29da760050e5361bced0869
1289,3d51a0390c8c08233653938f5be42628
1297,3d86e27c8f3b6fb6ae5b6e912e68e3c0
1303,3db1e36f7d4dcf040e60114e8c43fea5
1309,3e13cefd259271eb32630cf32264a7c7
1311,3e18022ee50455afda6c2ea6bfdae621
1312,3e195e946460cb37800b27ec6a5c9053
1313,3e20d05a64da0a45b5d44854d7bde875
1315,3e2b9586cc72b7a93bccf650dfe3b0d1
1316,3e2c9b73fec927d4a4a49fdc08d33536
1320,3e625e381757296706f9f11a1512119f
1323,3e7351a2ca0699b188ac98fcdedf5f20
1329,3ede70ee2c4f8746e84d474ca3910924
1330,3ee2ec35325820b78cc273d39d04c196
1331,3f0f7a908e0fdcd0778f5c12a708f94b
1333,3f3167cb731ef5c251d1d46ec6fcfbba
1336,3f4d18228203f89d96e34d000b2d9454
1337,3f5e1034fc3a7476b2885468e76b797d
1340,3f80f4d2cb72ecc24ae6bc33168cce7c
1343,3fb5b48d3d93a5718e4913257a3fdd55
1344,3fd2dfa0c1658fbd2f77dd11731108c2
1346,400af37d0a2106590afa439e489e01be
1351,406cdf72b272c0ab0d5061b2f7cdf03b
1352,4091528a0b8016b4d69bfdca27779a19
1354,409f8ad1044d0fdf91c163774860a0bb
1355,40ba030310320c3258cc454121264f65
1356,40d6447cb4f3a5cbfc1a26c734630cb3
1358,40f76a18085d1c0f8d460192002cbed5
1360,4135dd030bca24aa9756f09dc0f3a8ce
1361,413af21f7c0033ca632362acc337e2da
1362,413d851a6ef67d6eacbb8229a27b2d43
1363,416cff251f534df80d86921c0a8242f7
1367,41afa3a9428e2caef11b65239c1692bb
1371,41e746088281ed8d35d5d4e9278691ef
1373,41eaa1ad82166e6a9693c2c065e1abc5
1378,423df4f58d05bf6e90dc3da9c0912624
1379,4240675d5b41ae1ee46c4d88fbf4378c
1382,4256b43110d9bd870360824242288aab
1383,425e0923cf2187ffeb3947e89c9e6e57
1386,42904b23cff35cc3b87045f21f82ba8b
1390,42b341eb08c3720381460da1896c8b6a
1391,42fa88a8a004de2edeb088f2713b78e5
1394,431fcd57357918b867b9c162ec32619d
1396,43273b0830a8a0ccc1cc09cbb193cdbc
1397,432cb931d24703c72b716d2179cad7e2
1402,43478841baa4b8754f75516220e33ac3
1403,434adbafac40d486b1a4909027b197b6
1408,43948e10ab9606c93cee0b298a1ffcb0
1412,43afa4c61f9a51cd21ecf47262a75c72
1415,43bfa290b9cc2617359031dcface9a64
1420,44217c15f30538a1fbdf614c9785c9b7
1421,44230db078d5f1aeb7ad844590ddc13e
1427,448b4649d3f13cf3d62f5527aec9fee8
1430,44be57a00cf0b6fc1db82500fc1d745e
1432,44d8c8d189d1366d3d6fbaefec1512a8
1435,450356b1127c0b8ec92d738f4793eb84
1437,450d0347639c24bce1d22c5e7881cb9c
1439,45498bbe9ef5e6158864d2c8b825e704
1447,45ba11cce3e4727b4877a859c209c197
1451,460a0bd4b87293bbf4627e5446214830
1454,461e72e8dc13c25c22b70cf9a4714cff
1455,461ed9a62b59cf0436ab6cee3c60fe85
1457,4626fb5e351a966c19710c97dc663b68
1459,462f3f9a48a23d921ec600cbb3856a0b
1461,46572feaa0bb9dfd50a35dc410ed8130
1462,465a304561c1bb885044afe668fb90ca
1463,467292125946f7c68997357013c5bd31
1464,4684354f1decd0d2a38cc1571b78f99d
1465,46bfd4f1d581d7c0121d2b19a005d3df
1466,46cb9dbe64d21bfd27f77029cf2be129
1475,47363b94cee907e2b8926c1be61150c7
1489,480cc27ded260f2324e948f97955967e
1490,481369bee2450567288578ee52e44793
1492,48452dd2506831d0b340e45b08799623
1498,48c6e4d54e8e89043672bfa7880601de
1499,48d373324447274286acd09267363eed
1500,48e1047730fea48c221e2ef6fbd81424
1504,4917bb35dcc18f56499291b29ee95fe9
1506,491b8d63f3cd952766856136fc4e3ce2
1507,4941032422321c7800a70cf51344a48d
1509,4951742e04b014018a0b0b0a6348693c
1510,4951f1e53f01b309849db7e99fec3632
1512,496131b90f83e8278462d2dd21213646
1514,497bb807f8a5a5fbbc6c6877d2170b2d
1515,49837580609d0536a26ad1fe13545187
1521,49e1e065b2d619c84ce34f2bf5b04105
1525,4a12911191d436aa3a2e7760d3ad61a3
1527,4a35a2f256ee343ac9b58062f36a1140
1528,4a3c11ebb846bf0447fa0602d7816968
1529,4a42d1d75d24a59d8c4b1deb4d3a475b
1532,4a4eee2416f0cb4ac0de4a658ec168ba
1534,4a6e521c9e230701f3f56269516e243d
1537,4a8e565225073f525505fa38aa54537a
1538,4a95ccb1b84bdd5f60b631e846271fcd
1544,4b3093c79f52ca55205da722fde1fbe0
1547,4ba9d52510d0ef17f97393b53764fb06
1548,4baeee098c34b463eb8ac709b9bd9967
1549,4bb2392e02306b81fab787a9f45bec54
1553,4be9558a3eb046a47beab76f457f86d3
1561,4c376738505255d0de3eb5b0cf6fc23e
1562,4c571997283fa5a16c756e8ac7968ab8
1566,4c9c820a451fce753b8109d3a3adee4c
1567,4caacde2df87777bca7860018f37edec
1572,4cea8f5ae910284c5c4087c5bdcf9b2d
1573,4cfa9d5e8e4dd176fa3033e48ac248b0
1576,4d26ab8e7e7e37756a449b98beab382b
1577,4d33fe35e5a5303561d37bbe6a2a368d
1584,4db6595f17780528e40d4c230f4d458c
1586,4df8460a4496280ac122215aa39fce4d
1588,4e35d4f514fddaaede9f31fc8c7ea8d1
1595,4ee1444ab8b2eb52a0cdc36a26771bc7
1596,4f03e360be488a3811d40c113292bc01
1599,4f3f273a7170e62f7d31179c4aed7aab
1604,4f7cc501483bb2c2a9d7d2594b1559ce
1605,4f9231c3797b935631272a6f19224ed3
1606,4fa90613b25cf3bf6c6ff5823953dbf8
1607,4fae8d5a591a2e1c071e11eadf88f1d3
1610,4fbf97bbcbdf2ad0581a2348926dd3ee
1612,4fef5e34143e646dbf9907c4374276f5
1623,5050f47a2b1e4bd157b3d903dec9dd1d
1625,509c41ec97bb81b0567b059aa2f50fe8
1626,50a498a404cfa69ee1deba6139eb51f3
1627,50b9afd7408b97fdd91cddbe9f276643
1630,50d3b485721932279ea8c40766e7ce69
1632,50dc32bf584f9b54ee51016fa6e67363
1635,50fb919216ee14e13251c9993e9bba58
1637,50fd967b39315d95f02127a2f05f6326
1638,51076707504732d49a15a3e9ac66b2fe
1640,5121d21eacb7bdb88b569e6e13ceab15
1643,51771f9984d0ca5aa35a753312d59b29
1644,51a0db33087aa740665ca9b617533f3d
1645,51a78c615395524f116bd3ae2dd4e31f
1646,51a7a75b10b7968d219070e179ed754b
1647,51aa4c63bd0d400e2f63024cf26d5288
1648,51b2d63e9620e8cc494f44c9fe856a09
1649,51c027303602a39169982db75aec52f2
1652,51ec84cc23f2d5ac22d5734e0e3a46ad
1654,51fd656fd3423f952b1f05471448e72d
1657,52168811f41e7c4130f5ff6d82535b28
1662,526dd6d89629fcce30a240fb6a138a45
1663,5280b1ce0e331103a23bfccc130acf86
1670,52da5c1d916ea7cbdaff7e649ce99d9e
1671,52dad8dd0116b4136ee4cad48d6a4dee
1672,52e47deed3440de981bf84e22c6da710
1674,53034653875856e35d8131211253d38f
1675,53074ae4b80f74466f07956e54fd61d3
1678,5325e516f9dd9259f99b0b23dd032ab6
1679,532d7c5017ccd63114df861e6412b364
1680,53343fd8e1a67bd37935012d858f2e0b
1681,53406d5f6bb73307978d7cb76704912f
1682,5342e5272bd7cda790ecf9eab9f16df2
1690,5416baf1c059c4ff34cf40f4205b33d6
1692,542751e8e64d10ff82ff68c514486246
1700,5487d40c501ad4b2c8a4d4d74b2382f9
1701,5492734fee43dbf17414b79be0a19c08
1703,54b905c338a8ead95048c10c14e9cfc2
1708,54ef8e14e8e1dc5a047c546333e60658
1710,55009297c910e0604775d05435314e4d
1720,55669edd895994cd4cf807c4e2394a3c
1727,55dddc7c6c555a80c8f9d4f824b3d30d
1731,561c3fac02d8c5105f22901dc53faec3
1732,5620a1c910102bb7f0f833af425dbde6
1733,562b647d7741fe474c2e343cfdf45db9
1736,565dbea2dfa36cff3743e29ee64a2bb4
1737,566655809134127deeae44481f599ed8
1738,56687a33e9473957a259e5fea62ee02a
1739,567c8369e6ab695c9d65a629d6f45710
1742,56e3c40b5c77db7ccef4d0a2bff4fa55
1745,5713ee6f93fa175290374fabebfe1536
1749,5752ae916b8679d56100b659939a2489
1750,576dd75718942a49f1ac141a9e31d927
1754,5790a10091a0194d4caccfc8a5861907
1758,57b8fa745166a818b3e1456d82b87964
1759,57e8ef3df2e0abe6d7ff36dfd3d37afe
1760,57fc8ee9ccf119f86221feba5eb707aa
1761,57ff40b98ed3c71c8a7e48bea44e0d8f
1765,582597b7a1c8f448eec5dc1789476aad
1766,585ab7a471fc708460622ba60b0d0c12
1770,587dfcd05b5bd127e8abe837b141c7f9
1771,588e99afb627d3c0ed90763f46f31be3
1774,58af7aabbff2ca4c9249bec8c9d7999b
1775,58b16b1ea734d18960927cd68040c72d
1777,58c00e58fd1c108318af06a114407f06
1787,5962d2245468b2e15148fd90b177d083
1795,5a0e3a6e3106e754381bd1cc3295c97f
1796,5a0e3b48a8b47c328ec681bae03118d2
1798,5a11b8b57787bef113bee3d8bb75fe6a
1800,5a1a1013bf9d1d19d56f2583bfe38fa3
1801,5a284718590741adae6118edfaa7adb3
1803,5a47754ac0a84b2b5d2e2016a9a2a7eb
1805,5a710317c71fdd82bb805d9e77413ac2
1808,5a7a2a965feb6f0d37681c60496ccdfa
1810,5a9f91b0a5460fef3f9c529670000583
1811,5ab6e1d370551b844c994708e143c62b
1813,5ac4df555b11e536ed625d374418a823
1824,5b5aae9c3b8be55c1881494ba2e0bef1
1826,5bd99d433dec433bff396c6ac4dc3f6e
1833,5c7321448dd6103355e1d209c8a70a29
1835,5c82009636b0ca498a7707c55363155e
1837,5c9ec1b525a722277d17b23b11b6d6f6
1840,5cbe6c626c1836d43c31fb013157d9ed
1842,5ccc8ad834616eccd297ecdb693634a8
1844,5cd81b0e2da0ff08e780e0f4be1c5d5b
1846,5cf940404f22d21d1643cfb81bd116e0
1848,5d20f4655faf795bcc6fa8f9599892a8
1849,5d25fe0b7a745dd4e1cf92a0f2c79045
1856,5da975f435c1469a57c5c1b0d05381fa
1862,5df1181cee24471eb0018e9d9b5b8e37
1869,5e4d11e1eaab40a1e263159a23f7c310
1871,5e5c3ef63d906616bf29f80005285c62
1873,5e65f0a85a2242116a2785d1d57a3c61
1876,5ea1dfa4423e1cec7194cf9bd70f9a1f
1877,5ea9b56faa35f0b5a0e53fa9562256dd
1878,5eb3c829a8636a57fd8029e6731589b1
1879,5ec3d35260d4d14492a0668da4b3cdc8
1882,5ede82decd0cafe2beae56bfe8b9ac59
1889,5f809caf59dc5b9107db3cf0e333a433
1895,5fd4717baa3cf7a11ca5f38db0478d44
1899,602d0a22ec2e8bc6e2676927c1eec23d
1903,60513676d6b76d9f876f14ebbe3e0a10
1911,6104d1282298c99bee54e28db785cb4a
1919,6169ae69bbcdb7a6576939604ba86bf1
1925,61b76ba91f56972c84486f3dcb6df183
1926,61bf44718e665475bef98db882f3decb
1927,61d1dd9e9e863b85d421d1969f2a3aa9
1930,6208c7bac8f95f817eb9b7ed3031a7b3
1931,620e6a97bf1f72f93e1fb44373f5e79e
1934,6257057009dc28177db44744716ae088
1938,62b0c917cfa917d14431239edfbad9ed
1944,632fa9da298709a785481771b8313fff
1945,6333465f24124612fff9cbbc48cba7ba
1947,6348a7c680f3ec87dad2b7c3c45c8436
1949,63836854992a9b972703b57469ee36e1
1953,6428b1de8971e837926de5b464725f64
1955,6439c37a0e87cb41c5c698522d2d85b9
1958,647a1e4ef6e189dc5be38aa8e3fcd995
1959,647fb12a1bddffe0328a92891d3b8e4b
1965,64af0947e52777b8a28ba809d6731fcc
1966,64cccc47aec9e13a463311f5edd43093
1968,64f1bf9b49506d33cca6c7f1dfde09e2
1972,6543d1769467a9a5a1259125880b25ab
1973,65535f2b1ecee54718233e40e3f333b2
1977,6584c97ded96bf19600a0ece80150ef4
1988,65ff69963dddedda654e938fc3775cca
1989,6602e1b6e6c7d396dcb7743b2c113cbf
1991,660b9396fad930ee42d792bcddc5a962
1996,663d9f4f8556af2e80248a0974f83c75
1997,665aebd7314a1bf229c7d4fc7a9fde34
1998,666ed7a44d8b1aaefd52bd3c6a73b4a6
2000,66be1d398ac9f14bfe93acbbc02db721
2006,673883b5105306e5f8578169ae1ea85d
2010,6751393d65f2b21bbf0be0c957c12ff1
2014,676cfe47791ebe8b2be619321ffe27ac
2015,6774b7f23af07dda368b705aea069b10
2017,6782e011f4249ef28c5f4a6b4de34bf6
2025,681a5a38f3a1bc79974a66f5c30ca48d
2027,682c3c957b38f99160c788b4e62b109e
2029,685ee8a7ca635c5ecd6cbc1172ce4cba
2034,68a42bf025991ff7aec672113065cbce
2039,68d4c4e0abdb9b36dbe7e71f0101220a
2040,68d80bef1b77f90fb5bc15a51dcf992b
2042,68fe8ffa9290ad67055503396fb4feb6
2045,69277966c500661a85c5761c66ddbd59
2048,695d48e868dac6b05f4b003a568792d7
2052,69cb7f70f16426c6bf1698ec2477c979
2056,6a1b5131c8ab643880618fd1b58f0aa7
2059,6a3812a3749c4967f8117fcf513b5254
2062,6a614701be96e10f0160de44fc51d7d3
2064,6a75c79078d884b91588891f2e6e8447
2067,6a8e7766de1f2182bbd1eceb9ce0f797
2068,6a8eb2a593079817edf74a48c48fec5e
2072,6ab80955c60db1e5f812a2f4ceb1007d
2076,6b014c61c1275231e66f2a10faea8978
2077,6b143267bf4e1cdadb8eb7aecbb9d13f
2083,6b6cd1d80aae79272bdea86833b6da2e
2084,6b7d1f024fd8a98c933a2c5d7c644285
2085,6b86accaa95051d0ae7a4c72ac84eac0
2086,6b892197a8aa64ba396e7e475f44b228
2092,6bc92e20bb59458156c8b34a73103686
2095,6bf0ff4a811ec6ab9ba4d119d3e50a33
2096,6c05aa998d0523f2855769bd30b2d0d1
2104,6c6e40c093063aaa59b7b1e9d6da140d
2106,6c804a90a10d57c7d742c0d696ae6de6
2108,6c8e4418425aedd090145a378647f816
2109,6c905b18c6865b7bfa638c7c46620f59
2112,6cb327ac993a169c4fc27a0424021c5a
2114,6cc58e6cbdfc8d1f6d05d14bdf32c502
2115,6cce8eea20bf5ac2e09135a55b11d1de
2116,6ce62771a33d95c60019b16c4c8d3ed4
2119,6d19014f7efa7ca2fbccb4e3d9955180
2122,6d425174ab196a0cb964b54613e02890
2123,6d4d7a72d1b528f8766fe3d8bcfb314f
2125,6d4f2b4a84844c3d0b4f295239b7676c
2126,6d79ba975f8108d77440c5c47efd7c0a
2128,6d81fae2bbe84998bd1b8e62bf00351f
2130,6da0940e157bfe181ad8b9cf6f938e88
2136,6df8a60c045b8956f68f1c2e75260279
2138,6e0479759fd884ed6613ac3ccc956e81
2141,6e0ed230669632ce296c9afce75f70db
2144,6e29c51f01c311c6e0340715b8f268c3
2148,6e69fd4ecb00f076dce0f17a241955f1
2154,6ea8dbbea53a06fddb13b7af491c97f2
2157,6edda5a4379f01eb9fdb87fcd75d234a
2158,6ee5a59dff847e7fe9e35a7a787357ea
2159,6ef962065678172ada152f306fc9c7dc
2164,6f650979458e62b874fe02c891d8b0de
2165,6fa027b671c8c6cdca6964a0c81b779d
2168,6fe6250504833480c43d4b026bc7c17a
2169,7004d00d1d899b1ab2e80aaa8e60eeb8
2171,70556494382fc6211c6efe1dae37acb3
2173,70666195cb9de102dca37468ad41a239
2179,70acaf859af6c893db8fc5fa29f4e3e1
2182,70baa2f0f4d89bfc3618db828af084e2
2184,70df89d54a9b83b4947589a6c87c6782
2191,71335185ab32b17240ae0140bd83865e
2192,7152f895012d0db20dda321d5ce2a098
2194,716aabf46f3f14aa257f6f9e179aa147
2195,71953cb05cf78dbf90a0a6844930778e
2205,7261fb10d518402e31cd63ad15b38825
2207,7294559e8252d584c072d4f05c40b770
2208,729871063d04ce837b6b65a57f4a2153
2214,72dbda0303afd4bd09918a4327e575a6
2215,72f5a3c87226e1f4340302d9dd6ee841
2220,733403067ed62cfa3ae97262b88511ae
2221,7335847d8594d0d5aa9aa1b4d43ce8d4
2222,736746a94163460302d7830907be5445
2230,741be618a44352b88d9b4d846bdc0bb6
2231,7433147e8adf33228685e7365c14fe6c
2233,74426cf3e4c4833fa438675a0ddd523a
2236,746213ed51aec2a5907915d3f536878e
2237,747b122d2ac5005ca8f29a5b8dc4a510
2239,74b4982a9c6514fdf52f37696142b790
2241,74f6bbecf306185c3408339c943463a2
2242,750cd1a7050c0230d4f01609ea4a8ca6
2245,754bea1ef38d03ced4e00766def6a03e
2249,75690b7cdbe3e85516527582ba3073d1
2250,758ec5dfe1c29cb1a65f7b7dfdfa60da
2251,75a4b7f9d98073f40d20f282c172196b
2253,75d07587e095647ff8f18479e73831b2
2267,76a92b5f3c5ae8488f0c341cf1fc4e4b
2270,76af0f5241f8b0f2c9721fd3229ac087
2277,7714c40db4a72891e28d623505644cd9
2278,773722684b47521b0625043939f88a35
2280,774ce6800177cf768da73679f691eb6a
2281,77516c02bf38a26b204c72547056652d
2283,775e0efaca7fe2f78b773d694139bda0
2285,77aab1a6121bfda48f8738d6d974bd40
2287,77f11c53aaf0fe53417ada9ea82c234d
2290,7821967dbb57b7a5fd06d8c8da885aef
2292,7854e25a58d10b75f91feb00dfc8356f
2296,78c82a90ed9609c83bb08d6c27e198d4
2298,78f8e4f9488628798f00447c7f7caac5
2299,78fdf9a0e8a59a9fe2602cf6543c77c1
2301,791bc1a4af5d51190fa7c104df70c1ef
2302,792e9d465e86235a9279a7bd356dc869
2304,793f420e27a534087703a39f84f672e1
2305,79408f7f69bd12e506c07219850a2eb1
2310,798062de715076e8aec4c43fedd47cf8
2311,798673f7697440af57c30e12033d5608
2313,79a0e19cc5f2ba3917fe1f8ff083e0e0
2314,79a567e4aadcc99c02463da1d35b99f3
2317,79bd001e21e5c7949dac2d80cf893ab8
2319,79c3c6915bab2da3de1c14e9406f3935
2320,79c8f6c84c01699c0aab182103b01a89
2329,7a3d4edf09c10c561b088e6d7bce154c
2331,7a62086612f90d74fa1b4c014a02ed77
2343,7b1d4b8ecff3a14ecdb258eaeaddc9ac
2345,7b330f6664286346c44045008a1adfe0
2349,7b62cac76b7454937b5ad1cb320d97d4
2352,7b8359d33138f036077cdb02d70d9e37
2355,7ba5ce04595768a6ee7814366aa611a8
2356,7bbb6787fb351f808ce0f2a414ecc506
2363,7bf783af8ec39914f102e0cc83b34403
2365,7c05a0830d4512cf609c458282837dd6
2366,7c16f42c7f9dd356e70574578719a736
2368,7c370313e76c8aed088286455500115f
2369,7c444ef20fee0844cb19448cc061c0de
2371,7c648f0dc424264c56453c300426558f
2372,7c7262d9e49a40a52d0040942810456c
2375,7cc3306874e61e385cef899ff630e707
2377,7ce20ea5f190559f9bd618b89400e42c
2378,7cf2934f7933938afc419b8fd88fea8d
2384,7d7836561eb262cac40eb3e5fc521e81
2386,7dcf319a9a7e4be165718ef148ea2dc8
2387,7de87a9e83f002c10977802d0dca19ba
2390,7dfe505295d1d6d79a0d3a1f360d825a
2391,7e0d2835dbf5f3efdd2274a7bd4cc1b5
2395,7e6cf6eca7ffb91f9438fb3e2c8a23d2
2396,7e7ad541befc7ba7325bb9ca820e2a56
2398,7e86eaf181882a8163d156f1493699ca
2399,7e87627245861485ba2ab0a6ed642963
2401,7e9531be989e908bb0571f8751e05c58
2402,7e95e2eb8a405fd0689219f57c121f06
2403,7e9a349c75b525c5120f143c4fce30d4
2404,7ea501911850a077cf0f9fe6a7518859
2416,7f2c0adb3ead048b6a4512b2495f5e43
2418,7f43257736fa07f70086aefe917096bf
2419,7f4c34eafdf125fff179c3e0ee1a5986
2425,7fcee53c845591d8896c004e29613e91
2430,801baebfd615d2e60cf2bd13ff1c4564
2431,801f7377d2a356b41344a71ebd6d020a
2435,804511f525bf6b0b551181d9233e106a
2442,807a24237a93dd8061512a7aae2caa5d
2444,80d029b748919b8a9ca3063b4279a9d2
2445,80d9a6c031b2641d5f094a74e0347ef8
2449,813e8cb8cdc03b73dc1c8e4ecb4a6446
2453,815b61aab62686db503a5d6d1159db6f
2459,81aa1064fb44fae65e88816061a5bff9
2463,81d358038ae5bbb6e985d7da361e8aee
2464,81d70034e3964cdc0038182b10490888
2465,81e574e732232323e4f46fd737eedbc7
2466,81e9036aed5502446654c8e5a1770935
2469,820703ce94238ecca31fff0481a835a3
2472,821cb696909d4d7b277b7073f32f40bd
2473,822e9a3f3bfe9b16790f537d7a0e1ea9
2474,823681c3b8c2dafd4eaeb8044d43688d
2478,8289d796692c7b2499e09a590e2cf93b
2480,829e1459b367d59346a8760e22250720
2484,82e490f7898fd21deaa1977ba881246d
2486,82f4c699cbb9efdd0995d14026b5844c
2495,8384353a1867254ad5517984f7781f2b
2496,8399d97de0c685586cb8d73f1b89b618
2499,839e0c826ca9faccfbaab80f252ed0fb
2500,839ee124331cd8c61c6ec6ea74a4427c
2501,83b263a3766c13efd24dd8cdb4419cee
2506,8424da21684f2d8cfb0abc13036624dd
2510,84645b3639932f0ca17d8e13c17dff87
2513,849c992b81ae6a130244805aab2557f9
2518,8501e4c0d8d1fc3c4c459de0d05617fa
2520,8537932c468787c53c1e2b27696e5816
2523,85556c778bff5596c4a937b77e2926b0
2524,8557b51b1c336856c477842e1d2e2a06
2527,85a61e10dffda0cfc763aa0ad2cc7d1e
2531,85c817ea3c66f1762700171a0343bb27
2535,860cc9632522797d54ec92fe6df8c545
2540,864f5b711c3d2cff1090d6bb9fd17c1f
2548,86bd654609b7431cd51de6557b55a15a
2550,86ca444e589d548b72a1146c8c303490
2555,872c529c670a65666e0b9e0bc69958d4
2558,87561bbe1a7050aab68aed3a1f3349f0
2559,87632c6033e71b75727ec7d325e54cf6
2564,87871390d33d729a61ee7109fd4f81a6
2565,879040c776444bca078760127b347aee
2574,87e4c1d325fbdcca1fefd35620b0e00d
2579,880212f8e5f0c926487be2e3d7e59c58
2580,880fd1ebb5b2b932d0d3c1d5f8734b40
2581,881551e3186baa05d2ccac51609373dd
2583,8825da30f90c04688eb33c3f78cbd195
2584,8846e922b79f07daeb73f82f132ac50a
2588,8874eefa66fc80432258e5f8b51efb90
2590,8893004b04b4436eb47e9b504b7a437f
2591,8894c6001cc43e5ef1e514cb53fa90e0
2596,88ebc058c0e9e104f425f0a48c7d84ae
2597,88ecd417a95d2239ff2c3fba593570c8
2599,88f70cdde8a50556bc9fa7efa50fd3f0
2602,8903c3cd3e234def3ab3d18d5ed139d3
2606,894100259b0f95b78ee4fe69a378efba
2613,899ebaa8ac66685cb711badd3d80a795
2617,89e1ddb8cc86c710ee068d6c6bf300f4
2618,89eb08a1ceb41ccae84067856d106986
2619,89f07a0ef7ffc4b373844b5377de0bfa
2624,8a421d6e236422a8ad7a8c31cb5f92c4
2626,8a60c5b26e7a3bda3934b22618791a2a
2632,8a98f8fadc6cfca7a157fe5b63bd8dd2
2634,8ac00642db35d3eb1a23d25c3ab3731a
2638,8af97f8273b8ade28fa91f1a4f670ef5
2639,8afcb4fc76370a87ebf5b7ab66a752c3
2640,8b1fa4ad141192ed297dc007b8d018fa
2641,8b27ac4ede699666453c605e0e47e38e
2646,8b643e20fcebf8244ecfe7ad17c55b90
2653,8be7156a0a98e48dcce11173e4e434b5
2656,8c24e20a60cae4113588d0ff6805d8ac
2657,8c30cc3e47451df160dc18ad7079cd3b
2665,8c70915ada4db699fb9a03fc2c13ebe4
2666,8c98148bd6d840574276cf3fe361cfa0
2667,8c9c5eb0baa3f6dfd07e54bb96c0f7bb
2668,8caceb5caa0779ebb2c9767a1e0d5e80
2670,8cd4f9da0fe60d80d5c3582034700d36
2673,8d0e0cc3ef3c7ac0cbd248e487da42b9
2678,8d7129d1ad154ae0f261b44b37b6ca01
2679,8d75650da4c3d053fbe0e84bad55c068
2685,8db7ea437579a0e6e87370a8c70811b6
2687,8dce1c4e7477a53e3d240c8e10fb74a6
2692,8e6499bf5af82304493ec4b93b0d8ce4
2693,8e8b34dab364f9f81c090c1c9a3291ba
2702,8efed66c3b7f4ffa790d0b2dd4db527f
2707,8f32e408bc7f29d782d10fd651d7d50b
2710,8f54a0438adf3c1f2d4153c24d2ea6d6
2714,8fb2f1f7067f97153c0af017018cd2b4
2715,8fb9aa96edc54f50c34eeacc26685bf1
2719,8fde93e3c9769bf3e2c54b7dc69c6556
2721,901decc503049bc0108dc9cd5eb94ffc
2722,9022d2086032a0c249c4d93fea0b6384
2723,9028d298af2640ec73585692144f1b42
2724,903886e8b1af5840e3be00de89072989
2732,9089549f439c24fa24913388fcbdd285
2734,90f8221131416581e74e91ee0232a430
2735,9131dadc06fa580fd4d9a7334086b409
2739,916faa4753e602cd83ccc6958d00da60
2741,917de6cd82308e6e61b02b9c8dfdf6ca
2745,91e57d2bf7517c1e16ddda9b334daed8
2748,91f6a113b16064cd62c23afa9cfcf1fa
2749,91ff532720b815bb1526896deccb8efa
2752,921229e0f11775f6054265486f2e71c9
2753,922c5c0b02c8d6b2a13fa81ae06b8fe7
2755,9248314116612cb4ce18330c49594eda
2760,9297aeaff75601cbdec3dec53c307452
2761,9297cc0fbc475fcc23cff9f558310f8f
2764,92e8d63d36f0e7a268cb0ef1f349054f
2772,93730db845e058ed0fc69e76f090e00e
2774,938b81d31d20415b3729b7ec81fa1c26
2776,9398f817577a5e4e746901bc9019630c
2778,93b0e83334836a4a811fef354d31fdb5
2780,93d03c67516aa4520f8da22d37452465
2781,93d901c6825a00afc29eed4f8ed8bfd5
2784,93ec4fc9b0974abb65bed1184a971ddd
2787,9403e5290cc0273f53ca8d55e7bbaf55
2794,944eb51221db80c87719e23d2158f2d7
2798,9476e043b9718dc47162b946936187a2
2801,94937a13916d826d2d9123cd07b618fe
2804,94d087166651c0020a9e6cc2fdacdc0c
2805,94dbe985a972d16a2dbff991ca3dcc6e
2807,95159da015314146639bab4e78396f9d
2809,953202096631f7029cc3d124e348a8da
2811,95567b62ae6a0e692de7209e70320d56
2815,95679550b40e2c2a27cca15af87d9949
2818,95a5331fe9ef0af787df8808e061df3f
2819,95ae8e32eb8635e7eabe14ffbfaa777b
2820,95eb5380f665c8f21795b5ef2716f86d
2821,95ef8bb5fec5198de0a6b35242400ff0
2824,9608c8b6c8d80fdc67b99edd3c53d3d2
2825,960ab409eb0eb519f6d3b8398f2be0b9
2826,96225fefa579a63532c29b83d6b84dc5
2827,96240ab2360f9b0fc54afb3554a2a938
2830,96760350244dfd95a60eb6c00e3be10f
2836,96bc3884cad09da69c8f051071981d6b
2838,96d4fea04b4dedb1e0856e1c6ff13813
2841,97123dffd93049983f7fbcb034181b13
2844,974e98f24068652d46ca81ea2a35de35
2846,978ef80ed890d0c362f6149afab6bb5e
2847,979bd0110cded739ad2e8226421c0d49
2849,97b231fc66777f1ae714f165b3c18434
2853,97f96448a8d9fa18946e0e4ff88f42e8
2856,980bb853d37f115716f70541afdb57be
2857,980ff638af12294e9f94c0a05b826882
2866,98706c2be70e8201e6a6c61e9ae901e0
2867,988c4116bb20716df4775d19fe095dc0
2868,98b319314da2cae043e1b6feac2af427
2871,98e7b5dd7180efdcf6fa2c6a5434365b
2879,9928fbfa00812ce45d47ae66d890ee4f
2880,993ac5e33925eb126c884a46fcb95c08
2881,9945351b9297c5891948dac725e448c4
2882,994c880115880f2fae4088aef75968c2
2884,9977d50dc27a715d2ab56f75d1834ea4
2885,997c83118a790d4157e77b2b59c93c7b
2886,999897cbacf43444237bc5a5f9efc823
2887,99b6ddbb1058d8e839ef56df93d968b0
2893,9a3695e5884182dc27c5088491045983
2895,9a5f1217d74bb73e9c4c737829cd4db3
2900,9a890abefb277b8b1e080649bbdc0230
2906,9ae95b7dbe2ae31f927352b81cfa9aed
2909,9b6b88743364e8e47de6766b04773e53
2911,9b8ba4814c8dd865f0f9297c95c46978
2914,9bb8cdc58bc24032f2bccc8b0990f50f
2920,9c1b95d77347122831437616fe546115
2924,9c27f497cbe6683f6718eaf1cf096a2c
2929,9c6930ab5cfae8cb26fd32ef789fd5bf
2930,9c6b2834feb39ad7cd1820ea90895f96
2940,9d095088cf3ea6adf1792bd25c11da4b
2943,9d4af3a984c50fc6235758299bf75567
2944,9d639a335c5dde0a476e7e804463ccc0
2948,9d85a14be8fd44bda0f37ffa2531189b
2951,9dabb382720ad0ac13ea03d58c900ea5
2952,9dae36637f073c6c28efeb839f154c2f
2964,9e6e3660f1d23193e00644779258f842
2969,9eadca054b0ba48d190d6778c1c82e03
2973,9ee816fddda7934ad12f2afa05ab8aff
2977,9f5ae4bbc76e8324726a8b7c82d12b6b
2980,9fa41594ac0b7117536e64d311d4f1c6
2981,9fb0f195e43866a63b9633b7c11ff832
2983,9fb8325c418a3cf65471807b8be23794
2986,9fe14c31060b7f010c89ff19d53d489e
2990,a010e5e51f78b39db514c2c88bce2333
2993,a0350a3edd929636c90daa27bf042d32
2994,a0442b3d1774c6b233e1ccad709b7c81
2996,a05451c6c796bd962ca5767836784b39
2997,a07c6b27329bd2f2e546ec2e295f97bf
2998,a08d8b4101519dc1fda3b19687f794c5
3002,a0be079a5c5de737a6b343d5e36e6563
3005,a0c97def6400a1703e4740f375e4aad7
3006,a0cbef5201bb1e687f30eaa0040006d1
3007,a0cc7e9195748041f542f07f6b7bbc73
3009,a0cde0d8acbd3a2377a5987d61034999
3010,a0ce2c45c3b8e9623ed11220ed470941
3011,a0dad5cad5eb1166de9dabb98989ca45
3012,a0db6084f07e8c792c992e192433186a
3013,a0eab1a202a8218df964344eea7403ac
3014,a0f6a35e80a505d1faad8c048dd7ffa9
3015,a10065293859240dd970fd5a574447b1
3017,a160f5372b0627e9312104e401c94742
3018,a189d2bc9013832a442e00b6cd4db7bf
3019,a194effe0ac82e9b70ff0167e18f3b2a
3021,a19f0705fed2e75d29a6b4628163001b
3022,a1a4c51140a8ba56651c8b915f1cd620
3024,a1bad00147f25caf4c354bea024b2fdd
3026,a1c2e2101c3bf27c21b9783401211633
3027,a1c5802e32044ccd39f4d7b6bd686a2a
3029,a1ce935bce1f1ccf09cae0bfeca524b9
3030,a1d98e0886c881f54eb2520563b7df55
3031,a1e194ecb49ebb9c0a72b4c0b77b7a31
3033,a1e302e7df274c4501933a25ae58d54a
3035,a1f9cad07dafc607e072d2e87289def2
3036,a2065ae50f4d45511185cc53d09c2d8c
3037,a216f2e9d170e48e92bb97b7b270c0ff
3039,a232702039c1143369a454b6ba2580b5
3045,a26d9c59ecef741d882d84ac9097297f
3047,a2a73f5fc34d0eaff3a8c77643a3750a
3049,a2be641571bfca15a9486e50fa96d90d
3052,a2dd1dc5890ad007f5e07dda52895bac
3053,a2eb99a13fca6f6443f397803359f8d7
3055,a31a1cdfa4f0cfc7847ebc26bba23089
3056,a32059427038eaf36a993aa121aa93fe
3058,a32ed9479aff0c508c119b3bb3f716a5
3059,a3323ed008bfd156d64c73b562f5e4ec
3060,a3414da86653f3bd25496c87c585ca2c
3061,a3424ced82b6c7abdc17de0632002a39
3062,a35440b0f7e3b080f4671ef66f7004a5
3063,a357d6050ad2bf4ad19db5872b1c6519
3064,a35b37958723c9ab30abda108edae81a
3065,a35ee026f576848790e0f80ca05a16e0
3066,a367b9ddb5bc0ccbef360926bdf1e487
3068,a37569f9e73b81729de496312e43f426
3069,a386a110e4bd41e489f91f6bfb73dc9e
3070,a387b2d421e41d1523cc01fe8afc5460
3072,a3af27adc2c83db1223c1301714ffd15
3075,a3b691d87929d4bc8840abb73f673441
3076,a3b70aa650ba933bb1ac3df49d702660
3077,a3bccfecf75b48ec55ac55141b9e541a
3079,a3ee324462ffe38b4e8776c4eda35188
3080,a3f0d010ede5bcde9309d7f9ecd1ec9a
3084,a41964d1c3b59430302a594b6aadf4f0
3085,a41cb0c69f0d52d1ab38b814907b9b7f
3088,a4241921378651defa35f95acaee1fb1
3091,a44ae24e20e4b2cc7448d56154ea04a2
3093,a454c58a1b192d4bc661f9b8ea43d935
3094,a4567d1b0f0f40e29dd877a07d21a384
3095,a45920c917a22ee21e1076636adb98a0
3097,a462fc4487fac5484e9f5bddf1496561
3099,a47657cdb7925b78260320e386a087e3
3101,a47cf00aedf769d60d58bfe00c0b5421
3102,a483bf8e71cd27dacb82be866de655f3
3107,a4b3949bd4065f9042c0139b0a52066a
3108,a4b8a960ec5c922eab3849fc51006669
3109,a4d378590329791b707f8c5231b92a80
3110,a4d4e5949d79d2c6453dc822a066b04f
3111,a4d5595295a52851bb0405f28262273a
3112,a4d79a9df8152a9118e8ac20af9ae31b
3116,a4f491d73842fc48db6b7d3b3eb53cbe
3117,a4f8ff96834e5a8105599261ed19ec1e
3119,a51159f92e610dde180f96466dc5c6ba
3120,a51b79315ca88301ed4c34af6506fcc3
3121,a53483b18326946d796d7efff26d5691
3122,a53b5c98d05a07a3f15fc27f688ae826
3123,a5448950a954e5f342ea58ad124eac13
3125,a5679a3eb00929536d20496ce46decc1
3127,a57aafa1f60b941dd07521ad5de8ea56
3128,a58bf312acf83419bc5913a7f8648723
3129,a5ab0dea709b3dc998b3f230c021a018
3131,a5e47774b95047439d62160d4365edb5
3133,a5f12929f26d6406c352ec34998d678f
3134,a60258d8d43b1288f61b1fefa981fe55
3135,a60655a54d3a88545628bddee84fe2d5
3138,a625e3fa7cd333c55e2502a7acfeb2a4
3139,a647a9c9d63397d5bace10b0709f57d3
3140,a65fa1dcbfcc9e59a2140d83f0811cc2
3141,a6669119815ea3da469b6c9210cc2f4e
3143,a677954b3322297b47d00c387ef4b70c
3145,a67c311c9ba07fd816d61694dadad4d7
3146,a690f4736b2f6f5ccefd247052154165
3147,a695f34b4749f46671e85b56f9d398c0
3148,a6aaf86a51d93bb9b55c0142d3db5b4d
3149,a6b270ea3bfd412aae3c35ff58a5ae9d
3150,a6c027a5a40d90de811ecc3164cda856
3154,a6d0197f7c2b1b037d6398e45ea3c9af
3155,a6d1ea7b9da24fbb5a6d50bb0a2a2646
3156,a6d7940f43001c5fba7ca4cd7d406d86
3157,a6d8f37ec7cb5d5c60a9aae4a969ebcb
3158,a6e3685dd519b885b1fa3af9faa36f54
3159,a6e3e17e3387c269f27984a908170588
3160,a6f033488e27bdc8c223dfe9b5b71e4e
3162,a703dd5564ea0ff8b3fdcec2cbc0cfcf
3163,a70700624cc25651639b5136060bdc12
3165,a70d4c4c39bd5ab90cc9fa416f2fe505
3166,a71686203804db4800a047d603754201
3167,a717802e54df826a951f062e84317272
3170,a72ced39a804e38b6c8171b122a9934d
3174,a7604315f623985fac28fed7aea0e8af
3175,a785b0a4b8eb98d4b91dd0fcd31742f5
3177,a7aaca5f246437ad53286ebca9d587c9
3178,a7b753c031fcfdeff816abacfb3ccd54
3179,a7b77cb3d86be39ebb9b0daf0f185e96
3180,a7bbaf7af89889eea7cfa36211c769fd
3184,a7cc2d883dd2eba6dde1f526856449ba
3186,a7d8f67d24547a2e5b82bcebe6f96aa3
3189,a7fa33f7ce69d3984a02c1ebfb056471
3190,a7fa4d2d5d0cca983a60ec1daa85f341
3197,a82a43f46b3c539a19126ba682362d1e
3198,a82f56850ae7d1947720c416c91cebed
3200,a846f69e78c56d2a65203c5b5225264b
3201,a852329f6012c0abd468f7a3d5de2a96
3202,a854da031f41d683984fcbaa84845e97
3203,a8a37dd63713a9d8bc236c42f08fddb0
3204,a8bd992fb81818b4becb103c274c36ef
3205,a8c3be7349305ee6cb7f4032e8759fdd
3206,a8cd49e54161d09519cc975e46b826a0
3209,a8ea8ebb59c252d855ad4d8273b7459c
3210,a8efcafdf9756be07ece3a4c240bcf39
3211,a8f532cff270631a25463efc052e520c
3212,a925b0617ed485e2eb89ee6830fa481f
3213,a92a07af520607d0b300c113b370b623
3219,a95e28ed96d673170a2dba0be9f7ee59
3221,a971b7248ec1a3ced3ba531de3a71f54
3223,a97ef55d5c7b08a21569137ec78117f3
3226,a9b28f6f1ec8e0af2ecf31cbe557ac04
3227,a9b2982cffe8026e1e70c53f4301a645
3228,a9d2062c4391e9beae5a87d450f6c599
3231,a9f6c905f818623af256a3dcf24e9b99
3232,a9fbdfc1458e67bffe2a0862e8f1fcf2
3233,a9fbe1ad3259c0e39807a897e035b4cc
3234,a9fd589601885030d7b9a866e19401e2
3236,aa0c2e0ab516f110d9683b6ac52df836
3237,aa10be03bb8ae7e2beddad8670774fb7
3248,aada88f9c615c9aa06f565efc55256c3
3249,aae4620f6bcefff087deba13a90e6b34
3250,aaea11afd842e9e1313d4eea039ac639
3253,ab1cb7eb24021aa1daf0224f8832d556
3259,ab4c0b0321cc346ed178cacb35b3c987
3261,ab5f9860eaf38019b356d1c52e293b57
3262,ab730790f54011a8a41125094941dd1b
3263,ab7b66ee5385cb473b9c15db3e239692
3264,ab8842652ba07b76479fe6e9bb4fc4fa
3267,ab960763f6e132a3aa547afb72b7fb33
3268,ab9c5c2ea832bb4d5a3da0d7048a2faa
3269,aba2d86ed17f587eb6d57e6c75f64f05
3273,abc36fed287bef5c21e8eecd0db661f2
3274,abc707b7b58b67b5fc30b7557e9484ee
3278,abebd76e8423a6a84d0a28ebedae7e1c
3285,ac3b0d920321113ce6220e49ff4c1f15
3287,ac523495303814bdf07f7f8e4b133ba5
3294,acafe6d4b74b4e32cf6d3a5151311643
3298,acdbe1ce059645c769ebd222a9f98215
3301,ace11db0ab9c7d43b86d4d0e0a109a99
3304,ace8a3de3d7296bc3816cdada489c23f
3307,ad11cf499c5c5c08466dec541d386373
3308,ad1dc82288b5745f7c07f205cc155386
3309,ad20c6b182ecbff9f7d9b946a80deb64
3310,ad33f821467f13fcb4a0af3074776f0e
3312,ad4ac73fd9f398203628ca421402e1f0
3313,ad5428cd462f6630cb8a22e6a912f44a
3314,ad5597d0e4d2a34bc44cfb554c369e23
3315,ad625f387c420d6aa90e9f7c915e49f6
3319,ad7b4cb8e96fbcf7e152831c53e7cce3
3320,ad7d41cda3b727d530a5941ee25944ee
3321,ad8162f2b07d57ec57350533a1c0ff03
3322,ad88205edd8b5275bace5d0370fa86bc
3323,ad8b4e1ffc21758b951b215b5665496f
3324,ada221659c2ddbdb853687b041a423b6
3326,ada9e60839697795b795670fba4d0616
3328,adaac4f06b26a3bf293cbfa1cf344eea
3331,adc3e954cc52243b6ba9a669a9a5393d
3332,adcc87d0be0b0d93fbf2ec3168a642ab
3333,adce18cbdf07d2e776b89266a98e34c9
3334,add013ad5815dfce2d4a358fc0badc9e
3336,add50cfe31b26aefc8445a9966c447b8
3337,add893c1e58166bfea17216da3c1e8e9
3339,ade4fa2c739527939484e4bcae109ec3
3340,adf2c2dc8ac9558f040c4d006cba2c1c
3343,adfda9771873be413166f21c358b6787
3344,ae0c94766fa797425209c49d27c37945
3345,ae0d0fe260d6dde877324ca21b3ec20f
3346,ae0fe7f601c8d05f7e831ffa912c2f44
3348,ae14f1b2fd4ae9030016e7e691493d99
3349,ae1da6d164b2bbfbc5630e59f1ca80d5
3350,ae26352b6016875098183cd4f81d3374
3353,ae31cf47830c509f7ca142f5dbf55cdd
3354,ae32f23a924c35503f75873403251489
3356,ae3e52d2540e98953a2e71a5981631e5
3357,ae442c06d2692b84bec9b98e0f07577a
3358,ae4e71e16daf6a443faba94c42601470
3361,ae6c8b69870fd8299cdb9905e014eed9
3362,ae8c4ef16803d7502602cbc68d22eb17
3363,ae92629c4de9a73a847e2687c01351c4
3364,ae9a684a9ad1b7b1211836a9eaa2699e
3366,aea3acfbd004a960aa9db2bd8e92d888
3367,aea776ccd0d7cbbcf4d0532ce2b506b7
3368,aeaa94af90d48de55a83a0d12039b41c
3369,aeac8ed5e85e4672aa03b17c1935f28f
3370,aeb643830ae087006d501e5fb31c99b7
3371,aebb40ad1ccf08d0a1c1fb3e67a81e49
3372,aec1655c0e31e61543a834a1801fd478
3373,aedded52bb7ec5c04798125b02690bf4
3374,aee52b45a87d0856e912d0383baa96ed
3376,aee8c35dcd76cedfc314d497fe5eb99d
3377,aef5d53208aff60e2077cffb3b7e015e
3379,af08335a15f744b0689e1571ff8a691f
3380,af0c42264c65b393f3d39dd5f1a21893
3382,af0e7a82db62f2eeb58c5c35f8d0882d
3383,af11389ebc393155d87761d340914bc9
3384,af1a704a60a50e297d3817f43b79d6d3
3385,af1ef44ea06edb3c51a098b0262a9af6
3386,af1f034f22690096b5cfa55676f69368
3387,af29bd5d90779543c3a58b3cd7711a44
3390,af41aa102f9b8939857394ba7947b4c2
3391,af423724dc27829305dfee093744943a
3392,af4bddd975dd1b62b4689918329d1d30
3393,af6dd7b5a13a6871196cae464e65017f
3394,af77551159b048b34c200bc4add2e9e3
3395,af77e678ca54830a92a9c2938f12c359
3398,afbcea033449b55c9b4aeb8429f36e5e
3400,afd89f2156faf1fa407b261d52166834
3401,afde4bbf44e0d9eb3c5e1b0bc5928b29
3402,afe84c02cb0cf0a75a0b9a750e3f28d7
3403,aff6efe716222bb7ef74cbf7d14f395f
3404,b005e31fe349236eb2043983be930c84
3405,b00bf697eaa38069e38f668186f764e1
3409,b03006f84dd15d61c335804fafb1576a
3410,b047a4ab1726fe7414484493c60d5870
3412,b060953856b6f04010563cf3ad144d72
3413,b064a565dadac0ba4fe95dd09302a3cf
3414,b06d346b49621c738e34280cd99e6016
3415,b078a3c166374219e5dd80208040dfd9
3417,b08d7ff41ecd3974f8fe3c4ff221f262
3420,b0aececa16cee87a2a1775a855db9375
3426,b0d58192cc5096eb7cc63939acd48e3e
3427,b0dc5651c401878388ab1bb4e74f4e91
3428,b0e74decab1d1b1db18f70a1996c9101
3429,b0e7b85dbf5d59031df7aa2aa91e9a55
3430,b0ea36e16aa59ebb2c7fd3bbfb28d4df
3437,b12d99007b30b37fa5fe0dc8c7cf5e28
3438,b1363351ac7310f4e6bea75ff8617c6a
3439,b137aed9857ce46b0514c6cc10b19354
3440,b153360767cfc175af301a91c4eb2468
3443,b1748ef9d5757111c19841695e167aa6
3444,b17bd46d5ff022378f94368ddbe426db
3446,b1849b03795853db6d88ba92b15dc670
3452,b1c4e1e3337c43420008ffc9dbfcda97
3454,b20392c36cf83f162040ceb51678f02a
3458,b213b4e202fe74c30060b9c6d06b3f38
3460,b22689235813ae703b5bd8b880e8f35d
3463,b266de9e6767afe922049579ca1862ca
3464,b269066d9bee0b44fab771448115dc5f
3466,b26af5aa63c0d1134f29413fa940aed3
3469,b295b304ae6b7ee4f352520a86046e79
3470,b2a09fbc6c5c610b4141b38574291981
3471,b2a0e78b99f460b07ec63a88df1f3370
3473,b2af3b332d92fc09b79c4bf85263fd22
3474,b2b886ebf88cf2b0fdb4a39fbb8a7276
3475,b2bdc30b367901765ab36db4abe820e9
3476,b2c22fc6119f39089cf7156607b8836c
3482,b2f842271facd909101692dc82ac7e2f
3487,b31deccfba600d2573ae38abe93cfb41
3493,b381bc7917206589e525cccb6b43f7b9
3495,b39ad63731c65b28d0a07e70fcfab317
3497,b3b0f630b49353ad48a52824920a5ed0
3498,b3c05da88ff684b3a621c3991f9c85e9
3499,b3c577d551fa3a596053f0ba02a5f2f3
3500,b3c9a72669583b102feeb2d0cd9a8917
3503,b3d960e8ffa6b7e162a479d83d762bfb
3508,b3fc22592ed94ef1d5d706c8f3ff047f
3511,b40a8ea33de89a9d19fb88ca79d4318e
3513,b4127b83db8b1c35cc345111d94b5635
3514,b423798c5ed15d7c6809ae2b297973bb
3516,b4335705af4a39e8298b60db733e58a8
3518,b446d89e5df1b1a822c59fcf024991eb
3520,b455b967af2e9ab25f225d2dd70e8c8f
3523,b4706525b5f76306d2df57a32c1a75fa
3524,b4717bc5504157ed6d820e31fb88fda5
3526,b47d0270803b6ba91783292b7fffca22
3527,b4888ed64dffa8e54398d526889fa051
3528,b48e18083fe60926ced5c1d47534e3bc
3529,b4a2bf0cd55cf3f97d2cc22303a62c03
3532,b4bbdf4a28691fc01f66165315be2a87
3533,b4c709074bcfff0e31044e550d80554c
3535,b4cf98c72babf18ba1bf87bc2ee2aae6
3537,b4df54b573db54a71e2af5b25d0e7eb1
3538,b4f1f8ec055d49f8da5a90b67d166637
3539,b4f4a59e069a3030e0f829cf29adfd9d
3540,b4fd87a7d2e209a0e3a4f3fb44da74b9
3541,b4feabe45040373b6690c6b995187f91
3543,b5144b59ba5539b9e32f8b58cdb33a2c
3544,b516eae69e98bbf2515c746ce9a570f7
3545,b516fa9072d812835c2187bbb0a25734
3550,b546ed1e02885eab8dfdf5def0ee5e76
3551,b559b933692633c66cd19cd6712662df
3552,b55b984ce17bc9d65f953397bd979647
3553,b55ff6a7390ced97315c293e20bbf6bd
3554,b56073e92b639b5f04808cc8790af9d9
3556,b57830026f6cae580af1bf9d06df7d7f
3557,b57a46ed4d5c50e513b92c96faba63e0
3558,b585f111bebf68d0cb63d5cb8664158a
3559,b59af6b9dc84d9ef55c739277f5dfd08
3560,b59bfc649b0302df457e7d5b42c0e233
3562,b5a29fdf90e0c9c65887e321bc88ee59
3563,b5a2c1e9ed5707294887cb506ec39795
3564,b5a700403ab01d482a88616c9d7a485a
3566,b5b5ba046a0a7464f6a1571458ac0494
3570,b5db4212e21e18f163c426b97df4cf0b
3571,b5dc9a8cff9d69793ffc8fe55d981a7e
3574,b5e0447818bf772afd7502450711b97c
3577,b603d8ca791b7d2c55c2944e196ef3e1
3579,b60e1c4f43c9af0b948a904632d143c7
3580,b6143b330ac11f31f9ab0ccfba4728c3
3581,b62c258995f6edb2d82eac443f6ffb23
3582,b63a8bfdf7df9f9dd8c3bedb99b6f8ff
3583,b63e18cf73112140b1c7ca189b1cfbb6
3585,b6438a7043b757f34062870ba052f904
3587,b6719241be15e903b1301f7b5757945e
3588,b67593cdf2a346ca17f25508d0ced6e4
3591,b6867745c2053594421e16f86894161b
3593,b6891e9e3f0378d91d02e5ed69d1c333
3595,b69015230dc2f8601756085ef43e7f69
3597,b691ab2b86e89b35d677fac491b8df3c
3601,b6a47da8c81c720f6825518bfcd1ab15
3602,b6a6303df6d577259452b9157edccd81
3603,b6b4d9166a56f602e83359f7dc20fe35
3605,b6c3cad456a1d3a925e91758c4149dcf
3606,b6c76c2c8625c8bc46760c97514f8728
3608,b6cc00da85c1a26478d751536774a248
3611,b6f580aac8d303412ed2346b19e09a37
3612,b6f665fba8695001d84948609b682e30
3613,b6f6cdd0db5e467b4b73a8c56f544737
3616,b70ad7b682146abdb83da83fde45e973
3617,b7315ba0bffc639aa62a9b48213fb89a
3618,b7439aed8de03da3e18da4e86ec0775d
3619,b745549e8f55f32b8bb250dd54a42425
3621,b74e5b5d8180b801c30afdc60718d35e
3623,b752fffe48b353fd72da7725bfcd29cd
3624,b76dd78579113ce86ccf7217c28fee4b
3625,b775b435cef91548936fd9808695b024
3626,b7967191534c4882fc1c841aba795c9a
3627,b79d8e8fd8f526640ef9bb500af284e3
3628,b7a4dd5cd7ac26139683c88f3c11fcba
3630,b7aaeb286309a92f575247014054dc9a
3631,b7ba5484a95ceec8374f49c21212853c
3633,b7c249fb249bd94cafcf07db47c0d4d8
3636,b7e0fc55fd6962638010f33e220c3978
3639,b7f13efa6000e328c0c8854624b82949
3640,b7fbe1821eda25990d9caae2ab8a07da
3643,b81595dfa11994b17c6a6f9a69a10b39
3644,b82b6df9f0d3af1cc4bc501ec96c70b9
3645,b833e44823d8b616fc8215855038c18c
3646,b8351bf3bb096d70f0b785a60e4e004d
3648,b842e586cfa117df5d7769e20a894afb
3650,b852b649964c449b345a7bc6ba1c77d2
3651,b8543c85a9f527232556088c7b3efbcd
3652,b8548d4980bd06e0354114f520a6ef61
3654,b86443376f2f6d9736c45df9825be252
3655,b86e33d12c1e34235c15a09dee981cf7
3657,b8788523d4ab98b33b6adb0f36a4ffac
3659,b87b6fe9345a365295d0baab678031cc
3660,b87ea612c0002eb97b3a579fff8633e5
3661,b8813a688e0484816983b3ce8f07cfe8
3662,b887033fb0d21d711f3ae8e7e68d5f2d
3665,b89cb78efddeb4e66b481b733b39b22f
3668,b8b2ef77a1e8786ed16e6fd9f73966ad
3669,b8bc27ddddb7b837c4b241119a48e5c5
3670,b8bf2a82ce924e706f7643d20a095683
3672,b8c0639395554b64b25a0d2100fbbc3b
3673,b8c255fec9e80b613debd5f2228844b3
3674,b8c401b001f16e70776de807ff0bd91f
3675,b8cfd03543f251736eea9e653b4855be
3677,b8ebbead9e6f4daab5b36892a7444304
3678,b8f407641c7bc21f13004ff474870d63
3679,b8fd6e4cf95a7b2151a7dcc8dd9b0d50
3681,b90251297992f8b16387e21e8d5fd7fe
3682,b9028949cd15f3d6d883cf61a0bc74f7
3684,b9101e8f0c87cd1ba09dbb2d944365dd
3685,b91049213389f3ea7bea6efc1dc5d792
3688,b91ab099df0c1b6cf89a06676954cbe5
3690,b924ac93c60816e7f8070ae3893148c9
3691,b92972f0bf90afe559b462218cfd97ba
3692,b933d7e0ebf4397d42d36f0c01faf8f5
3694,b948c89b2abb39a5f5eb4bf1f6320675
3695,b94c5adda3327163334d70e77c9822ab
3696,b9579eb03edfd4838e6c7744ab0da6fb
3697,b95ce8299ace65d51522739fc53a705a
3700,b9758071aea7b04598b7961e306785df
3704,b98e6ce9d23c83eb1be01c9bd3cbe6d1
3706,b99995fb4f1804297b30810580792119
3707,b99ad57b61e31cb043f233ab9e90beea
3708,b9a11ebbd7fc662b42fba5ec78467c43
3709,b9a3acb4c93f368acd8977476ab3d0b8
3710,b9c01c1cd595c456e99258ae2ceba1c5
3712,b9da82cddbd5fc270ccf6f3bf23e3e5a
3714,b9e36f8d0109c38f1fa64b685575aa0f
3716,b9fb5599a95940a12639d1415c06075a
3719,ba0683a710fda946ca2f2f78719c73cc
3722,ba203e1bdc45df4efcdb7a0d68e65df9
3723,ba23c55b7e698cda6cddb7e7844ddc7a
3726,ba2e75da35ad944eaa8b94334a97a55b
3728,ba4039f36077c35f5ce27c6e6e1748be
3729,ba490f0c144f38ef9e96c3e705d24222
3731,ba59997ba0ae349dfd9f42873a23f084
3732,ba5a936be021e4712a39591550bbf8bf
3733,ba5f3411019482329d7f29276d172e01
3736,ba86622bd2f2a16fd6342629248814da
3739,ba8e105453a27896ecade8234174725c
3743,baaddf29495d20b8a7474e351fcf55c4
3744,baae875781caa4f548f17249e363755b
3745,babb0b8ed13505453f484072c1d864ef
3747,bad257d2703037976b73ffc0ce977fca
3749,badaafc3fba21c54da1d3f9197b6c517
3750,bae2496386e2c4ab5e088bbad854ca6d
3751,baf80d022391a781d7a09a2e13d48a60
3755,bb184efa5cac5eea96c3a77292c7b1d1
3757,bb207661edd3cb23d92abe62052dd8a0
3759,bb2263e0732bebfa68d7d1d2c80929a0
3760,bb2f84da71220d54b0ad3df1538554df
3763,bb518938f0707c0d60ea1b254995cb93
3764,bb59a786bdfafbfaa418d7ad647d7c72
3765,bb5f04c904a220716e400ebb8ee0b395
3770,bb84691d6f466da854f52071acd86dc5
3773,bb91a25e062b1e77e1fb382aab2a29d2
3776,bba017301e3ea22e0094399616b5b39c
3777,bbb3529ae1bb3a987cf2d4233b56fbe4
3778,bbb37beb07c9d331345a0002d22192d6
3780,bbdc4ba78c04546ff0b60681b924c97b
3781,bbe22050c8b6097f572653a4a530c468
3782,bbe841a43a19b71207f75cc08e096c1d
3783,bbf09fd00cc0d6d2d8d09fe8aa97b037
3784,bbf26e9bcfa44fd989519de9a9f9d9fe
3787,bc03eceb416c602971e98f0c689a9b91
3788,bc1a02b46d905294081fdd09360bda3d
3789,bc1d2adc1c99f3fe453ed4b1df1dd7b1
3790,bc247df3c2eb91fec7c858e6eacc3f15
3792,bc37d3a3ad1454d757e2f769fa6986e5
3793,bc3c1c4353c788dd09cafd7ca00d6f5e
3794,bc3d4ac12fb455cf06d6e423979f2d70
3795,bc3e5c0c2f6fd936d08a857252884808
3798,bc6a58d81433ab7cd195f538df5d2241
3799,bc773c951ae502f755c23338028a5759
3800,bc7fc40bbc651de5ce26a2caf58cc1d1
3801,bc821f8d250c773c4311215bfcb0776a
3802,bca25c9fe75429f730992bb3096840f3
3804,bca6e09f454544cc2ea1307ef556a1b0
3805,bcb2b4d219a4226bdb9a2ef77a0fcde0
3807,bcc7e19b7c4fba8907479439689d8278
3808,bcc86431184c7facc42e4f76888b2754
3812,bcdeeabecaa200aae3e7f6556e2cbafd
3814,bcf1d679d8be6f9a2ff23dd742f5b580
3819,bd0b7dc07465180268c8217800b1b010
3820,bd0fce82c733d85f067ded898dc204c1
3821,bd166aa16b0f0339063d96aa92ca3713
3822,bd1b7e6e0fbb9be0d32350af17bdf6ce
3825,bd320ddfc614d3b517e835003c4ba5ac
3827,bd3c693ecd17dcd9e60b08ab963121de
3829,bd44780fbcb1f213d65329d5f463ca2e
3831,bd6025c4754fa0827ded59cb03fc1144
3833,bd67e10c377fabfd4b1c7aa8c7e4b954
3834,bd73f4e35ef83d5d383edf36c9f9fddb
3836,bd81f9d0b32edb33a4c008ceaf4fb546
3838,bd97ef8d61ddab6164faa00a422d7dd4
3839,bdabef5448529711fe2a528fd8cfe34d
3840,bdacdb81d30c7e2e89f85c3929056237
3842,bdd4b17a6a54ca850c3a7e1c1ed073df
3843,bde62664d9dbbfc0273c5cdbe2a969e7
3845,bdfacd23f0dd140a0f95c673afbce117
3847,be0a0c14d4f001d57065adced37de463
3848,be219e31e0f40e049e334c9d28270ade
3849,be2d4e078705ae7427bfa9373b109cfa
3850,be2db841c4f5a17a51645e55fce7ce43
3852,be4820fd810c711fe915152852c88423
3857,be92d37760ab12e9b7ac5bc8b1caeacf
3858,bea7c07bcb8ee496325b2ffff5b1f006
3859,beaadd5d02902476866ee153a48f70bf
3860,beb6ec42d01d7fe393a0e63a953be3b6
3861,bebab977769251e3d4c462cc5225a045
3862,bebf6ee9f58035c0c5b147da36fdaefe
3863,bec51d24321c715175ba4b6f2aad12b3
3864,bec8a70b62c5c32c613d6a8c5df656e7
3865,beca5eac9f974bd012f7ae87f782b209
3866,becd26db62864ac38fe8ace266165f5a
3867,bedba9325fba353c146026a7ae970e8c
3869,bee3cd603f9d8be0799a67381ad1c649
3870,bf0703b48dae9ae8af380f6000df55cb
3871,bf0f26019b8f6707728ff62a809f7ee1
3873,bf1affe3eaab409591e6d1211cee346b
3874,bf1b079345f3ef8ac842ed4c55f5a363
3875,bf1ee8f87faf08ee22a48c12ad154cfb
3878,bf4478599f37cbfe2852bf385b5fba79
3879,bf5f4ebb8dc7d261ef5e8a05c508e239
3880,bf608780d2077ac3efcb84449b89e9f4
3883,bf8dc827257c04e51c14d3d0abf6a856
3885,bf9624358fa977d2d3abb60ebbf4e74b
3888,bfb8d602fb171fb032b6dd8913e17820
3892,c00317237e48a4385154e5145d716ce8
3893,c0066d14b6bf52dc2da4e8f19ec6fdd2
3895,c01e90a893f161ae230ddae983ae159c
3896,c035b817d5be4bcfcb054a2fe1cafddc
3897,c04887588b926ce4ab8c9641e05d6403
3898,c04e9fd849183f9c8993d96ea6912501
3899,c05268350d5fc98c498505364662d259
3900,c058c4af3d5c59c894d85321fc155275
3901,c05e14ccb2ae102b9228e65d22080bfa
3902,c0677c5e896d96deb9f9d263b6f9ec6c
3905,c0c1bd0930eeb1206e4b6512cf710642
3908,c0eed006d894319f20c2a585260084d7
3910,c10916d5bd8c01953dff02923c6eb7ab
3911,c10a4fafd18662dcb04451c812b2bef6
3913,c1182260e1ba1f930e591a98e75552d9
3915,c12a9eae7b63f5bdd90deb3969079492
3916,c12ab67f2835b3a867af6c91aa3d3039
3917,c12abf5a98f94e5809059c7af40d5f2c
3918,c13b6a4815df95652e45de3083655d6b
3919,c15d8c4c0c4c32c053d1c39b6ab1a627
3921,c1627d29a5ad417084eb1f1b827fbe92
3922,c16c7005a823f17f5a4296b3a6a1c180
3925,c18efac56280dfe18ebd1f361029d3f7
3926,c1946786556ac4c23448c6f43c78f058
3928,c1bd50413fb4013534309e3e20b4f37e
3930,c1cbf651dc09accfd120f0365533dfd0
3931,c1dc3217af12f1d88b40e84eb0c1942f
3934,c1e59e25f82755ec2730f1a7ea5536e3
3936,c204febd5d3a6d5b23c2d67b2d586b52
3937,c21b35c31c7e24385a910c1b701ceb08
3941,c253bfc1df7e6d0d5fdabcc5636fd34c
3942,c264d635d05008f726fa8cb8611663d7
3944,c26e4d681a6506eac09ee322862ab814
3946,c2730226a62a2f33e217a6c896906954
3953,c2ad06ea7b80d64fa5a175371f7d0927
3955,c2bce1100cca72df32dc6fde5acd00ba
3957,c2ca58f5d40d362c480544b40902478d
3959,c2e2ac40e3e19e645e52ceac9fb3bf49
3960,c2fb70d3cfd7b6ae70a05108dd032e64
3964,c31e3c90c32de0261aff2af00e0d8693
3969,c38efb8c26057fd530b6387c849a4ff4
3970,c39d980781dd76414b8d1a692bf3d9b1
3971,c3a1163f5c903898793c93edf4427b5a
3975,c42358e341018a6cc299f5416149a112
3978,c43b2d636d4ee217e2cb324dbb4c91ed
3979,c44c922eb9a832b9f0e6add68dc4c7d3
3983,c479e803bc1596360b6a2ffad44711e9
3988,c49902192d72975666720ea8cc85266a
3989,c49a8c8f6c43f2f3175fef9dbe6aecf1
3990,c4a9c0c82f39681ad062091cca5dfbf5
3993,c4b70293c77f5da9020ecdcc417d317f
3997,c505af339269cb0bceb4724dde058d65
4000,c52b1de1293cacf2c4eda60cc5222b72
4001,c535e27dc4f278639d617660e181578e
4007,c5d722f0d3ef20a71c791c7798b0409e
4008,c5e3d898c58abda9ff39b61334bb9db9
4009,c63a537090d34f29daadbef221637435
4011,c64d3a43ad3a41c3142a074037929f86
4014,c6ab26d80c51c070c6e07df2bf9c0c11
4016,c6b6a7c5839889bd4bdfb43a0d2f9767
4023,c6f5bbc421d434d4f464da8116ae693a
4026,c72f365489a11b5426bd64ca6947476b
4027,c72ffdba16d7bcb0425b5649c04a992d
4033,c778460dd3624da0c88eb759eff0a277
4040,c7c0e10fe382d2dc0654bec0a3afe401
4045,c80ea6a8b0c010aed7248d0ae3d1c7ac
4046,c81b5a29d59bb0212c13eaf82889e103
4048,c8304309db39bbbebe5e49401096a628
4053,c893f536e6497ae7851baf73c6be4313
4056,c8bd73b878f4fde87a31600137f15da3
4057,c8c4a8222006994b4d0d5adfb9dece7a
4059,c8d81407e6c8d630dcb91e90d7b2b6ba
4060,c8f0efd0722307bab904460b4ddb923a
4062,c9066c074e8badfd99fce7c7de6d05db
4068,c9588dc762f1e2564eeb33a3dbe8f087
4074,c975edf27d1683d844191ad565c63bf8
4075,c976e6a5f7055e02215a4ac343b71f9f
4080,c9a6378df08a4b8c4246620c75091aab
4086,c9dbde6da0b2102b761351479af24b70
4092,ca00ac2f589b40d6c27bfbdc3d4d40ba
4093,ca17bf7ca74e1ee2cd4137bb1a129e63
4097,ca3e8986dd0d0139f664513ea6bc923c
4109,cae4211159d7b2e3fe6a55c520572f47
4111,cafa7a53fd532b6305d158955762c520
4112,cafdc66c686f6380c6f8050f0fb4ba65
4116,cb0f0e37e4f0ed725dec8ef6dcbf8752
4117,cb1ca062fd80020f000f0c2c181c2540
4121,cb6ca57e825d0ac687c1107a46157440
4122,cb6debafb215ab7681689cb86d73e036
4124,cba1a5b23dfa7194fd71999020f711ba
4130,cbbd06d871a54da3eaeda902ce7b9207
4133,cbfca3d15539d7d1f42910f1345a47c3
4138,cc69cef53d68c6f53bd0a1f9d293b6b9
4144,ccc5b602d11eca38537c62277c8c1e2d
4145,cccb016ebc85050a0136164c37cb5795
4146,ccccc9a9681717fc739f9590893f8e08
4150,cd5a2f350936f93bff98c280a9080bff
4153,cd98f5d9ef3efccdaada70a41570c682
4163,ce494e90f5ba942a3f1c0fe557e598bf
4164,ce5c4ccd48fdd8ff1e5edfb5eae54c3e
4167,ce6741a0ba7159377f1c4e364ea280d5
4169,ce838883cbf59dbe80133f9b3c3b5902
4175,cedde0fc4eb05b4ce5ad83e0fbb3e4ef
4177,cf165782498c2f6da000bba397b4e845
4185,cf8b1b76e2afaa0cd5d45a6246a08f8f
4189,cfbbbbd5c736ed00f2cfbff8e7f46f9a
4194,cfd620b6d32bcd8577e1069cc9669ea9
4202,d08bae3942fa1e7d96aeca71f4cb0ee9
4204,d0a2add8998bd1d67dfb9392e97365ee
4206,d0ab7bb3006aa72763ffa6ab356353a6
4207,d0ca8bd5ee3f120086a9f4645a2bdf3f
4208,d0cd195146e6d83d5fcc853ff149ccb4
4209,d10060a470a61f856e40897e3fe4baba
4211,d13f890034a68ccb4af4e0bf51e2b5ec
4212,d14bf23541fa9ad697aa2c2ba297aeb1
4214,d16395c3952615e4d93fe0e5fecc25b6
4220,d1a36436c5165650cc6d54b56b14b3be
4224,d1fddd753db2a2634ae8c64a30517445
4227,d227ac9091958abac331827b7be40289
4230,d26ab604bccedd959bea6b550c630a63
4232,d28a6b210fbf84f4b28ae3263ffe8e1c
4235,d2ada6092ae74976f786a8bcac6cbc0b
4238,d2dd0f478464c31bb4f742494e04abd6
4243,d33206e1c11b861e42898df2e77d1d2e
4249,d373917c305adc79a55e741750e9161d
4251,d378f331856e305b9e71aaebaee7cc22
4252,d37a65c9145b82d29765874f9a007846
4256,d38cdc1f56d2234792bc9817407f137e
4257,d397ff510326c52d15ba4b8f8ffc441e
4261,d3c886d711a5bdaa10af4de184f7c02c
4262,d3d1846a9c21d551eb0a46974d240e62
4265,d3ef2a2925a6dc66735ac5e6aa39f649
4268,d418df1760c0faf6a3cd5511bda1df2e
4269,d41bf45aca8314d48f43fef0b682ed3b
4270,d4208e2454d97eda7356bb444c8dbefc
4271,d44e0cfd24454c0f480e178485831e48
4278,d4f68dc8e8fd8b6f9dffaeb1871e9414
4281,d51a6450a01afb49b9dbdef2f60f6736
4284,d5ab5d9e7a392fd139b8acb94e23a831
4286,d5ca1ea0bb417ef4c7e8cdb56c4f5371
4287,d5ce8df2eb5c8669eebb42e27cd41b20
4288,d6067fc20665ee8a2a4fe48680da8a92
4293,d62e994a8371830a1a817c1fb0fff85a
4303,d6fc1208cb9f49b627ce29853ff11270
4311,d749a292615df6ab128bd3a124117ca8
4312,d75004861452ed303848b7a8b28f7dd3
4314,d773cd92c26451241416923b2e8e9b7d
4315,d784de0f8332f3b4b25c3ad0b067cf73
4316,d78d581aa90b5bfe9174057003f3ab47
4317,d793d162e1697246b7ea7ae24ad21466
4318,d7956314af963666838eafd62b5cd2bc
4321,d7a1e731226b1fd11f64ddba339649cc
4325,d7c9c7f7fa31aaaff7c79579004bc664
4330,d80eb5170390c20665533195be89f4af
4333,d83d524fe99acd696494026f1d7b0dad
4335,d848f7cd69250bb94df613a84fb75b3b
4338,d84e968c2a365f607978ce8737a56d79
4339,d85d9ef7a5c2ac67c18bdee0efcfb5f6
4344,d890288be49de6efb57c4f878a3a1d8d
4346,d892f9e0e84c0a724dfa6eab7a4fd3ea
4349,d8c90853bb6a355485933fa0f9888701
4350,d8e664cd6ca0b9e36954eae6d0fc1ab4
4351,d8f787b902f4352a5591004318288135
4352,d8fd19fef4605b4217cb2546c470a918
4353,d90f8d9cee999717122ec13676674ae6
4355,d92db3371150d0801d1814523e5115bc
4356,d943f1134ec0b8beea4718990bcc575a
4357,d948825d710c020e52fbac6225538d19
4361,d95bf36c4edf480fe9fd208e44c72be4
4362,d966ad39b0d0ccfc44f263817349fa34
4364,d97b7a813774ee9af6db3775421617ce
4372,d9c130e546a74f5f4609a411510fe1b0
4373,d9c1feaa025db534299d731c713824e9
4375,d9ded8ed4ae0b9859a23c80f6d06689b
4376,d9e290b1185a106e48445b923c97f0e3
4377,d9e82a1ef10eea775d2e2018f815563b
4379,da0cb228f6797a77550619735983886e
4380,da11c862af31922ee1a5407875b54fbf
4381,da1d8d3288090eb3589d832bf687b804
4382,da2ca07d72e4d1b7fbfe5dd3d97851c3
4384,da4f7c7a985455b6e8842b645e0deefa
4385,da5363942b564704243b3c168c65f79d
4388,da863294f14ea0c1ab3e68ba6b45f0cf
4389,da8de0a763aaa4cb2e4def48c0634b32
4390,da9c3b3cd608c79ed9ae3f7f710a72c7
4393,dab6f5bb5773931ba8532bb0de6d15bb
4396,dadfb23a1b00f85745662cd44b8b9a4e
4400,db21fdb62cbd9db75697bea10001cee5
4401,db235c731e718362e887d1ebb14d53ee
4402,db32013afdedee1634b6d3578131cd1c
4403,db358e00e2fe825de2e485135cbbaa0d
4412,db8bde209e27460e1d67c9849f9a6b28
4413,db957b2ee9345ae72b20faee8c8c0dd3
4415,dbb258c8e24becd42fcbdba30c68cb61
4416,dbb724dcd9b0fb36a30825e664f8b1f5
4417,dbcf1008e42531bbe4ecb6ce26525ec4
4420,dbfaa85cb0309d1d4d058cd8f9bd75ea
4422,dc390290c6d29cc54169a9838324cf97
4423,dc3d3250216a5311e494ef5192e61e94
4425,dc456f8c605d78b6eb13e7347b7e1213
4429,dc51a4d4747ca7968f51e718f2a197c6
4431,dc5ab05a53939c45b99b7368c0536d9c
4432,dc71fde85290949781e49c72808c920f
4433,dc7362894fbc7c59905433ad7818b2f6
4435,dc796d0ec5d153161133824b0084e83f
4437,dca889516d76013de93f9ed51ba8dfb1
4438,dcb3cf070e42b1912f599edb08fee6b7
4440,dcc8402861e608ccd1ef4c3b008ca5bb
4441,dccb7a4252d3574f0d90073fd1a8e1f2
4444,dce4f5378bdc131c4630b29d7d28284c
4445,dce57943d51fb243c5cec04703855916
4446,dcef67d252a8fad810ad0618512616d8
4447,dcf14b35d3a21d8893e339024dfb9e5c
4448,dcfae691602f294f5f6e93eb3827b07e
4450,dd072a6e85cafd7bfc504911660836ab
4451,dd0fe1cc1e23a73709aafb2f0130e81b
4454,dd3b89a4f9b4931ddf7e4814430f5073
4455,dd4169a64767b5b03828b1ac24c6d226
4456,dd41ef698ac607093ff43e6d3299975e
4460,dd5d93f282223f3114fce703d8e55212
4462,dd69c841aebb532f062a368097611680
4464,dd7413e84a4f769aef4f9ad075d8f627
4465,dd775196a68ae4d2c0fd262b65c85980
4467,dd882ff963986378523dcef957afdab8
4469,dda37961870ce079defbf185eeeef905
4475,ddd9e0f7c6cd5b8fa2f847585e8d40b7
4476,dde2758da05bfad72b411d181ad05093
4481,de1e096487430c071844324124b0875d
4483,de40432316f2db21f7c12283bf394b75
4484,de546ac6429b93b3b3d5a4fd4ffce8b5
4485,de5877483e75fcbd50a6bc378be614d4
4486,de5cdc095b29fe809115744521a7ba59
4488,de6c0babeaf409e75ecc0280782c3365
4490,dea9316000b70e0ee0ccc973c9ff0590
4492,debdd2215d712f8df6ccd244ca9440d9
4494,ded2db5c2fa5d93b65969d2bb02b2738
4496,deddd266d23e7a9fe87b38e725898317
4497,dedeaf775baa717c89a49e6b9500820b
4502,df0d732d1784b98786701dc77438caba
4504,df16afc3de4a97c07a71cb281694312e
4505,df469da6630d091d1fa455e4aa60fc08
4506,df4a87864ad5ba77f13ce47223a56f98
4507,df5e3b66388026e6555d27a6e04054fd
4508,df7d0a1d008b32b0579fc5e1a22e5d93
4513,dfadbe9f7532ea36f16a5ec40d7f3c16
4515,dfb0fd1bd218e8e5c731b910155a7346
4516,dfcde22a98da2883ff772d6f9c81aeec
4519,dfec45a0e80f239bcee889cee7f62a21
4521,e00911f74fe561df38a30b1544016a00
4524,e0276f997ffb064cb131baeab95dc1cd
4526,e0398a68d70d45e4e65dd8213fcc7e9e
4532,e0c21abf8fc0b46cb7472d4b72f5d20a
4534,e0d2130301b28c4cbe923d5440cd1140
4535,e0fdec605226dcae1f59e1b2da23e94c
4537,e11502659f6b5c5bd9f78f534bc38fea
4540,e11f0c0857338c9382a027953a8b85f9
4551,e179a86a9f68fd3463c93cc7e8cb0246
4552,e1805b7887f66413a9cb6b81e7e2625e
4554,e1a42b638fcb077cc9cf1318662900ac
4556,e1c3cf2d85b35b52602aac6c8ed508f6
4557,e1cd89eb68cbd53e6dca5dd8970ce49a
4558,e1cdebe00e0269f5e928ca211a32c9d6
4562,e1e236f85d9b1843af84d76b706d3609
4564,e237a0e517f5715a08206bcc98b8dc4c
4565,e249fb01341782a8ab7cf5b781501c23
4568,e25c046e498a92695ac5048ce17358fe
4572,e28ef0b6aee3659a0b918c3bf407b113
4574,e2b8c7d7e646c9eedcf42d855593dd33
4575,e2c0bb4342c045dc3fbf24e05f3a2573
4576,e2d42a365b884f846d049af39ac47be0
4578,e2e35b2bbd2093d5ae8996e93c5c435c
4583,e32a1d2a8d5dc0cbbb8f7abfeafdb983
4586,e3846c70fc8ce62b2fb7da875139d4ba
4591,e3c989ac2adf3ad111a6c87ef3ed0bf1
4593,e3e65acdd531fd4c0e512cc4f0dc6a69
4597,e43c62ed8d074e1b9d3525cff4c35891
4599,e47b15b0137d90824863a9dc6d105647
4601,e4807868d3a654ede9136e3d7853874c
4603,e4aca1fd0c358f31752ee47a8706c7d2
4611,e511366247f9446873318f8ef7373d77
4612,e512b6ff2e853d8baedb55a6523370ec
4613,e517da7d95ca953a8526bc19f07ba159
4614,e5197d64dc9772b872e37f10b6e43a06
4616,e53e01c45ef1680087be21b1d9b200c0
4618,e57098d2352e6b566984a8400c84e100
4619,e573c61391654264c08ee429d517f192
4621,e57b0f45572c162cd5583519f5ec1019
4626,e593988469cdcb2d53d4b4450db820c4
4629,e5c58731a5f60bf83af33c2247887de6
4636,e6014aaaddd5e12fad5e479f347f513b
4641,e6519b556516937a157af204cee80006
4645,e66d8587f9a6c9be4600d400221e2388
4646,e67c5d6fb77db95c3b41a88df11f5f7b
4647,e67d44ca7ac773031c3f6acc5306ae3c
4650,e6914efc8689703a9dd8f21eec3498e2
4651,e6a735fef823f196d835fe7211da5588
4652,e6a91b479e03c538e7111d9f8265a40b
4653,e6a9bac0fa69e02c9f05cca4996dff06
4654,e6b7e0214d81aafaa8e2cebf34508fa6
4655,e6bdf6c4106baeb44347911d8c9de379
4656,e6c6e4b8f16c61ea42acbd7583f72353
4658,e6cf0520c2818aa9b286013a16c7af57
4660,e6d87c11b4306356a1a8f0af80853880
4661,e6dea619e927cb5ad1837dbac364ae93
4662,e6e323fae5601dce4551d5aa3201919d
4664,e6f0d830c1a21214e67c58024af720d8
4666,e71821754dd15cedc399b870e131dcfe
4673,e78fb8c1fe03a2e794f629a69cbb9fb4
4679,e7fde51fc294e7365618a72ac50cb1a4
4680,e7ffac6d1ecf7e80cd159a9cc94ac5da
4683,e80ce6ec92f61cdf69ea14e1f9767699
4686,e817739fb907b2535eb79357d01b4b99
4689,e83aecd74239d2ab04f1c09d506b7a2b
4695,e859944cd9f0091abfa95cac4c76a66c
4699,e88206c97ae164b196a10b024f324291
4706,e8c8f3ed121ea7385fa1fc08fc8526fc
4707,e8ece57cccd1b263410edecbc4a575ab
4710,e9454a2ff16897e177d8a11083850ec7
4712,e96ce66208c6508f5dd0285f912b87ca
4716,e99de3860dc716a3aed406251e572485
4717,e9a6343dac4f201e066de7248c185196
4721,e9c7680e62b429a453a356c6429f9c03
4727,ea1c7165b40d857b7ddb7426a975bf88
4730,ea52ea12859ddb7dbebea85ec33263ff
4731,ea9d1d44dd0c394f89f2733e2337b189
4732,eaa4b5dc96e876f10852d396c3a865c8
4735,eacfeff2add22da202bc6ba34308989e
4738,eae28161930472b1c16c14986a5ddaba
4747,eb5a316e9b06014b822926ea4ecdcbb3
4748,eb6387a7d32a3085e4dd58ca4ebf59a6
4750,eb71c415b09ea5e70187581a8ca56d38
4751,eb7b06f6d45d82884ffc6832b5cd83c5
4752,eb84400a7442e545562d5c9877fc4a73
4755,ebda6f9d0f6411a6f54c876ed7cbd1df
4756,ec11d12bc2544470c45fbb0cbf286c0a
4757,ec1ae1ac832b5f0531db95049a68229c
4760,ec38255b4aaefaa3cad7fd1f04926fc7
4761,ec4627864f2638e3593018baa38af88f
4762,ec47425e2dd074e7e61de8bb6493c20e
4765,ec51cbbd0a0d5711d5d20910c72f7f40
4766,ec52894e22b19b094ca215170d549c14
4771,ecaf6cb72ffddc9e0fc3445f97499668
4773,ecf4a1d646205e916e0b2c59c42097fc
4777,ed24baca310ab0018d5b068f846ede18
4778,ed2f1636e51ad878a84a4e37c7707c33
4779,ed4468e630c2442a8d05c7acdc6a0986
4780,ed45466a93080c43e527de5f791f0840
4783,ed659752ca39d58e13c06db1a4e35944
4784,ed71b97d55bd89c10fc0dd62b7f109fc
4791,edac72a01d98145ad5fcd6ea7505241c
4795,edbc7cb93914d23ce007d2fc8fcc34ec
4800,eddca149a6384074db09ccfa18dfcdb1
4801,edf5da738b492355f54d001aa51fe8f8
4807,ee42bd36b450fdd559de3f921a9c7a42
4809,ee48b842c0a1922b4d463dd26eb6d46a
4810,ee5b616d1336afeed0de2c3c37f61e6c
4811,ee647bf5e177b0d0c4212306ee62b119
4812,ee662950bd379462cf77a70bf8c9e99e
4813,ee71b8d09af466e54f66992e32d66f24
4815,ee790e439a9c5a3c4a2409dcb7de0a1f
4817,ee8108970da1a2f0abecd4c0d7b4cca1
4820,ee9ca4f8f8ed58d719013d25637dcab5
4823,eec973a67e787485b42bf09ca510a711
4825,eed189949076a188a57c87b068648ccb
4830,ef17a97decd971dbef036971e7bef2ef
4831,ef3846294af0c5f11a79ddb999da5300
4833,ef527c9dab75735576d50a9ab0321d8a
4835,ef58384c39227c11f1ee18568527f757
4836,ef64ea1651ee4c087cedd43af08358e8
4839,ef9ff6aa5e6273e20512c99c162c21c2
4846,eff35a0874ec4bbee6c3d0dc85a48feb
4847,f00aded4c16c0e8c3b5adfc23d19c609
4848,f019038f0aab1cca9bf2b5562d452b4d
4854,f0516ee227bf8f0a264387b1c554539f
4856,f05bfb1793b144904f8c9d07e3c5a524
4857,f06c2aaa9ef9d3699d0e47558ce25560
4858,f090e242e541ef7fb01889cd1c906435
4859,f0b804ef75b9447687ed5d6c73c6de29
4860,f0c165d67fd957cd2108b563832ac220
4862,f0d348b3f0af43614200618411b9027a
4863,f0d4c7d334633a72a3c7bd722e12c378
4866,f112bee8dc6208e6b4431953a49af506
4867,f128f40ab28afd91c02b45a3ab4153b1
4869,f15b5d9c133c1c7fc6cd280ef96afaae
4870,f16210522846d31abd80c3456d2727a3
4871,f175139a962da46c1a7c35c08d2617d6
4873,f17b081a0420b8e10feea3f4c4a10f8a
4874,f17c77ca7a43574d08f4365a6b062eec
4878,f1a06f70de52c601f4ec30ff020d603f
4881,f1ae35387fd38249ccf23b9280df7a3e
4882,f1ae59249113d65a104980e28ce348a2
4884,f1df22cb3389d8217098398304740266
4890,f233680f86a5ef85ddc4fd8a690584ce
4892,f25f35ca6c8a19a43d9b5bd44e6af930
4895,f28dc430db6e432251ad8e676b585d76
4896,f29bdac92fc1a0997cd2366a4ac1f6cc
4899,f2de9b93f1a5aaa1d9f5e213ba2493e5
4900,f2ec5afc2f308e10581aebf778b2e8be
4903,f31d6529ff4ad98053f9a8a9832f95e3
4906,f3a5698c03960ca9de6f42b741956b2a
4908,f3af161336a95c4524e7b472da7b91a9
4909,f3b51990ac3e46e5c4cbfc3188b74015
4911,f3c0ba0ff1e20c0adda73173234679e4
4917,f3fc29b374cbc5e453511633a8c6dfe5
4918,f402ff60278f9ff3ee436f321f755c29
4925,f4782f195ae5d15fde1fe508bcccb4e4
4929,f49b9f0d5aefaa1f6431c18774b83553
4933,f4deafee8c3b72c7b630914960b84a81
4934,f4e56e1c32dfa723bcc87f5da12599cb
4936,f4ec3d9118a49ab380160d31a02b10d2
4939,f52fc7735ca55688a18f84cc53dced64
4941,f5472160e898412e18d1c9e7835b9e5d
4942,f54d54c1578e4b65b7a5a8d381d47087
4944,f54fe4424320ac70beb113e1aa63c333
4946,f570d3af207e02b20d5be8c7a08be3cc
4948,f5840013ab6d1cfc2f28cf61e4e83fc2
4949,f590cda90e2f38c20d9808abf1aa9460
4950,f5aae832ddb2913993e93c96bc6a2932
4953,f60437b0939f0504daa30344067c0314
4955,f625808db15778c7011d3d17d616bc8b
4956,f641d7053ef5ac564857bc3e3a842328
4961,f67204def82206c5ee75c8178b43e6eb
4964,f6bbb7a78c72089a237281e12b364b52
4965,f6c45b2d0d541abadd0b0c0dccbfea87
4976,f797dee2a4f90c9d65b14d1bd9a45ffe
4980,f7cc67f3eed3db6e1c442f8ce7a7776c
4983,f7dc2a8472b5d9c8b933618e385f67eb
4989,f82d1be3adf20b0a30e144ebddfcfe87
4991,f8454cce1a1ea4137e1e2e1ec2d945bc
4996,f86d9b9e04f2926f2e0e322376a83a50
4999,f88ccd233ed28a8722e669fe4f718c55
5001,f893c31648ddb18043da19dba47e9d27
5007,f92f614bc2626db6fb5bc45284de5877
5008,f943c8e6bdaa20978a18b488544c028f
5014,f985b56f9d8dbe2c5f92edf14b5384f5
5018,f9ad661ff1ae1a0d474c2f73e052230b
5022,f9d28f3d052718588396c4e9901a95df
5023,f9f7d39fee9ca40ed98cf93eaaeefd4f
5024,f9fd57995c43406ececa91501667e43a
5029,fa4c288c3f3469982d0b95cf4dd54a9b
5033,fa9e4ca1fe2843ef6062546cc8e3f727
5035,faaeabde1c0f2278e4b38fbca152ff85
5039,faeac9a9389c589c15bf3ec13f5b0761
5040,faef7072005ebb5466ef1dc1ba9c125c
5047,fbda5cf46849c1ae9792b49493db82ab
5050,fbfa06fdb2a5aa09c143bdd62e9cc63b
5054,fc513f8fb2624db768af28e837d15d3b
5056,fc648e44804f333c45df0f55f9f73f2c
5060,fc9edc350d7ffdcb9e53390dae26ea5a
5065,fcc73a6ad47697c4a7fa630fb7978f5d
5069,fd0b9b613f9324aac932bf9c70c51b53
5071,fd155e930690920f86e9a8b37cb6a1cc
5072,fd20a3f98424ef24b5210fcba76377b8
5075,fd40fa13cb1349a2e14daee745c1f594
5079,fd6593011159ca37a4b8732e31ccaff8
5080,fd6694f8e743f9d2677fafd6c8ce98db
5081,fd7c8699fc851e4fba8b37de6ebd0ddd
5084,fd93ad7341e35bc6c1b869444774f7d0
5086,fda7dda89a3171c32e6c36a8054e630b
5089,fdae0a4834ad68efcf9a9eb474eb4c37
5090,fdb5ec82739053b9b0d4e48daae0ec8f
5091,fdbdd6939ccbebcc178af85f1bca6346
5093,fdf7c41f534d960addad6fbb56eedd83
5094,fe0186d465b18d0bdc38fe5289968938
5096,fe5e3478d8e64d9e3ec83951fb409031
5098,fe733965ee523b4541f52da59ef4dd6f
5100,febb9b59638797e2f490a41e6cf79512
5101,febcc8351a99331de51e95800c748775
5102,febf4a5ea02e1677903e68fac714434d
5109,ff3fbd71dbc40995511d26b9ca1ccf95
5110,ff400871e11fc71013374d811b819c69
5112,ff508dca57e7ffb23ab45dafd4ea7c90
5114,ff5e67d3d4239c3a784b75c1c996a0db
5115,ff7dff984ccbe09f8a1823810ecfd4a6
5117,ff83e04c0813fbec8cfa98bedc1d06cf
5118,ff8abbd08a240867a61db71fce96abc5
5121,ffbace29db25dfaf3b2b98cf01e54241
5122,ffe9751d0ee1a747ddd63be5ad7453ee
