md5	sha1	sha256	vt_first_seen	mime_type	file_type	pe_file	file_type_extension
12ab2e0b7d6e6a54ef9a0b3b04124059	bc994c6132a85f75bac640d580fb6d9af7b72886	05b3e52a12b16c2dbe3ce2b095b29e2aa6df28640477f2a5c81a362c269adea2	2018-10-06 15:02:41	application/octet-stream	Win32 DLL	PE32	dll
e9c7680e62b429a453a356c6429f9c03	913133219bbba14cc87de4b658fe68e35a3dd334	0c5a3842bc700487dc0cc86f05a2ed74d2c65435f121804391f2762de225e430	2018-01-01 15:46:06	application/octet-stream	Win32 DLL	PE32	dll
d97b7a813774ee9af6db3775421617ce	b4d43253fae1ef62564d86f40f973dc0c5a3bad2	0e59b3f4dc609f0ecc54ac9470086b6b75df549586fff0cd9423c30d19d6ea64	2019-11-29 05:39:05	application/octet-stream	Win32 DLL	PE32	dll
8a60c5b26e7a3bda3934b22618791a2a	1ec7fd6c9dc83a17bebbd0bcbdef2b8f049d7b3d	1c2209094b300d9bf8722557e4067e2a315282915e053a8127e6ebe4482621aa	2019-05-10 00:02:10	application/octet-stream	Win32 DLL	PE32	dll
792e9d465e86235a9279a7bd356dc869	d28f3ca09dece416d90069d2b7e85a484f79ca68	3b854a382d373fed7100e68a844d63577ba42d06582c19e157b90b129977f696	2019-05-10 02:53:08	application/octet-stream	Win32 DLL	PE32	dll
f86d9b9e04f2926f2e0e322376a83a50	abc20652bdbd9a45eb4c0be6a4f6d4973d085c5f	3efcdb3cd177306f741832cfe8c0d2190d7182b566322c4a5fae83e71fbb3666	2018-08-23 15:43:00	application/octet-stream	Win32 DLL	PE32	dll
747b122d2ac5005ca8f29a5b8dc4a510	1dfff0f3e4db78ce4b464384e6b10527aed21a83	41702a962d24752381830debe8bfa2a257b7f577174c2ee97ea4ac8279e24afe	2019-05-10 02:46:09	application/octet-stream	Win32 DLL	PE32	dll
36631678ad952e3a0f7dd5bccfa3d6f9	a08159346ed12fb8c5dee8b1ce4c1fc3fda01254	4aa86d876c03a70084d8bb7a240ffe06293496d5c4c3f77761360d2beacd2a95	2019-05-10 04:10:28	application/octet-stream	Win32 DLL	PE32	dll
8825da30f90c04688eb33c3f78cbd195	fe5f34e057ba71ecc60731958b5fc2ef754baf7d	519334e11d040a50175471c7fff7b3d8bb32a446b358dd9701071d99eb3c214a	2019-05-10 03:14:50	application/octet-stream	Win32 DLL	PE32	dll
51b2d63e9620e8cc494f44c9fe856a09	4ba0268089ede8bc03655848904bdbbf31e8e590	6b714812ff41c8772a44becd25a135e628e3ca0cbc0ab1a9d78573828b7b4c08	2019-05-09 22:32:06	application/octet-stream	Win32 DLL	PE32	dll
17ce16bf307c1059fe2fb55c0c48a483	5920ae8ad63307472a51d35d842fcf247c381b7c	7fdd522945011bfd66a5c5a446cd83c36d000a9d7bfbd52f79defb9f569d8488	2017-08-21 01:05:07	application/octet-stream	Win32 DLL	PE32	dll
8d7129d1ad154ae0f261b44b37b6ca01	6e6a12140fb66cd4dc21fe2fbcef6bb916796d97	8810123ec8fabd8acb91a396572db3229971f85e788ef958022217f8a858ad38	2019-05-10 02:14:57	application/octet-stream	Win32 DLL	PE32	dll
7b8359d33138f036077cdb02d70d9e37	6e3b17124d51173e2e7b04f3ac11c5d096e5de86	88bb891ec46f78c247ceae8ab6909431451761f343363ea9a0cd300d43b73d8e	2019-05-09 23:00:50	application/octet-stream	Win32 DLL	PE32	dll
e47b15b0137d90824863a9dc6d105647	c233929bb352bb8b5e4a02cfc0570b246d5e6eb5	8a8b241a3395b9d5a710ef4239f121df1489b8a46abd6b0c8fad55905df06fba	2019-05-09 23:02:45	application/octet-stream	Win32 DLL	PE32	dll
b9a3acb4c93f368acd8977476ab3d0b8	002c28d6a35bd8e0240208b78cb6848c77ea6f80	96e882424e8f0e175c82565884692023da07e34a443ff0f377fe6405d741e4b7	2019-05-10 04:29:53	application/octet-stream	Win32 DLL	PE32	dll
b005e31fe349236eb2043983be930c84	051897a1894ab688a324a0c3d024e297e792df87	9b03cf6318e3a905230066056651d8aeebad34ba08689b0b060f21109a07978b	2017-12-14 01:43:10	application/octet-stream	Win32 DLL	PE32	dll
ce494e90f5ba942a3f1c0fe557e598bf	f9b816aa2e019d192de555ed7fe0fd9aba1d4f68	9ce656f2fdeef73ccf15b8589b150d2a5e3d22b03c1947d7e2f65e69e4909488	2017-06-04 20:06:38	application/octet-stream	Win32 DLL	PE32	dll
17464a712d66c4dc954e392394f920dd	45fd965dc3e2a325c1f132f1f30e38ce1d89d44e	b16646ff78586a4be0c309470413db9f9317a1f1548c8482af802d9273e69ef5	2019-05-10 01:46:49	application/octet-stream	Win32 DLL	PE32	dll
ee9ca4f8f8ed58d719013d25637dcab5	42255a42373c52680110d6093a9130f2cfc0060e	b844461a7d4106ec8be10206c0e79202abb15f58455437da042191ecd456f908	2019-05-10 01:29:16	application/octet-stream	Win32 DLL	PE32	dll
7bbb6787fb351f808ce0f2a414ecc506	e5d761b0bc3b348eecae94d3a51d08e50a7a2e04	b866197994216ac1364afbbf2ffb67d2799c0258a4020e2af224a43d595cddda	2019-05-10 06:33:31	application/octet-stream	Win32 DLL	PE32	dll
1ab81777afef8020251e6b7b9adfea17	f460a1a5ec29af34a48552a2e8e7c13cb38bfc1f	d10a1448154b1f701fefd4229b71aa6a0e0807b2a93cac0962de8fe461ac8a62	2019-04-28 20:18:19	application/octet-stream	Win32 DLL	PE32	dll
b7aaeb286309a92f575247014054dc9a	5420861f432a03c2371cd2d38dfa7b311dc4b4b8	da8e52d81e4475ba9da841ae1d0b4cea23cf4c0dfe39bf102187e657f51aa02c	2019-05-10 05:35:12	application/octet-stream	Win32 DLL	PE32	dll
3b22590fd6990e183b7ee20a4f0a698c	1a1b91186087b11c58814cd9e9b7133b4232589c	da97b01a50ac2cf72d80caed85b7d56cc052a0f75cf6f41d398bd36781181855	2018-02-10 21:08:13	application/octet-stream	Win32 DLL	PE32	dll
6d79ba975f8108d77440c5c47efd7c0a	eb7b02421ab151d0562df4acc1b08d27fcbfe145	db3b12cf7bdfead707990ceeff2011a92f7dab94a38fe419320d31a3fd8274dc	2019-05-10 06:49:36	application/octet-stream	Win32 DLL	PE32	dll
6a75c79078d884b91588891f2e6e8447	c3a43a53c49c2a99ccedf369756820a745062d2d	e0f23e08c81f3332920a10c528421335dc864ab358150d26a9455de48dc9b63c	2019-05-10 06:15:50	application/octet-stream	Win32 DLL	PE32	dll
95ae8e32eb8635e7eabe14ffbfaa777b	d5872c3f694a9e23c0583c4ae3e5c59eab26c021	fb648bfb485f910e065cc18778364a56be32044d1ac4729449f3cc28221b12e8	2017-12-12 20:51:09	application/octet-stream	Win32 DLL	PE32	dll
